class,filename,author_dot,author_lc,author_len,author_mismatch,author_num,author_oth,author_uc,box_nonother_types,box_other_only,company_mismatch,count_acroform,count_acroform_obs,count_action,count_action_obs,count_box_a4,count_box_legal,count_box_letter,count_box_other,count_box_overlap,count_endobj,count_endstream,count_eof,count_font,count_font_obs,count_image_large,count_image_med,count_image_small,count_image_total,count_image_xlarge,count_image_xsmall,count_javascript,count_javascript_obs,count_js,count_js_obs,count_obj,count_objstm,count_objstm_obs,count_page,count_page_obs,count_startxref,count_stream,count_stream_diff,count_trailer,count_xref,createdate_dot,createdate_mismatch,createdate_ts,createdate_tz,createdate_version_ratio,creator_dot,creator_lc,creator_len,creator_mismatch,creator_num,creator_oth,creator_uc,delta_ts,delta_tz,image_mismatch,image_totalpx,keywords_dot,keywords_lc,keywords_len,keywords_mismatch,keywords_num,keywords_oth,keywords_uc,len_obj_avg,len_obj_max,len_obj_min,len_stream_avg,len_stream_max,len_stream_min,moddate_dot,moddate_mismatch,moddate_ts,moddate_tz,moddate_version_ratio,pdfid0_dot,pdfid0_lc,pdfid0_len,pdfid0_mismatch,pdfid0_num,pdfid0_oth,pdfid0_uc,pdfid1_dot,pdfid1_lc,pdfid1_len,pdfid1_mismatch,pdfid1_num,pdfid1_oth,pdfid1_uc,pdfid_mismatch,pos_acroform_avg,pos_acroform_max,pos_acroform_min,pos_box_avg,pos_box_max,pos_box_min,pos_eof_avg,pos_eof_max,pos_eof_min,pos_image_avg,pos_image_max,pos_image_min,pos_page_avg,pos_page_max,pos_page_min,producer_dot,producer_lc,producer_len,producer_mismatch,producer_num,producer_oth,producer_uc,ratio_imagepx_size,ratio_size_obj,ratio_size_page,ratio_size_stream,size,subject_dot,subject_lc,subject_len,subject_mismatch,subject_num,subject_oth,subject_uc,title_dot,title_lc,title_len,title_mismatch,title_num,title_oth,title_uc,version
TRUE,02a0cd138f32e2d9f49453e06d1961c928abf7c8d8fe41b65612e519bbefa310,0,4,12,1,2,4,2,58,FALSE,0,0,0,1,0,0,1,57,116,0,420,82,2,76,0,1,0,5,10,0,4,1,0,1,1,845,21,0,30,0,2,82,0,1,1,0,1,156530586,-10560,0.0,0,14,37,1,0,15,8,-351470075,-4920,2,809673,0,4,6,1,0,1,1,3220.375,13724,29,4302.33333333,11403,208,0,1,508000661,-5640,0.0,0,0,0,0,0,0,0,0,0,0,0,0,0,0,FALSE,-1.0,-1.0,-1.0,0.0894081850742,0.134561712959,0.00136197195677,0.595552938287,0.999972090739,0.191133785835,0.102525229972,0.127266232026,0.0700634098419,0.114476347831,0.11893252657,0.00111078860409,1,6,16,1,5,5,0,4.51947508261,212.014200933,5971.73313428,2184.78046116,179152,0,5,8,1,0,2,1,1,6,26,1,11,7,2,0
TRUE,03085bef2753e9cb134e47d1ce0fe326d0a966aaacd25805b9159bf049ed13a9,0,3,11,1,2,4,2,64,FALSE,0,0,0,1,0,0,1,63,123,0,459,86,2,83,0,1,0,6,11,0,4,2,0,1,0,920,27,0,29,0,2,87,1,1,0,0,1,492106473,-4800,0.0,0,16,40,1,0,13,11,-100920943,-5040,2,813898,0,4,6,1,0,1,1,330.222222222,2526,24,1330.66666667,2469,155,0,1,593027416,240,0.0,0,0,0,0,0,0,0,0,0,0,0,0,0,0,FALSE,-1.0,-1.0,-1.0,0.273248595129,0.585697443077,0.125856605998,0.990126003979,0.990236533785,0.990015474173,0.372750048566,0.534890575492,0.124788151205,0.453398346881,0.472846510942,0.00633704222239,0,4,10,1,3,3,0,29.9866627367,29.502173881,935.931002209,311.977007908,27142,0,4,6,1,0,1,1,1,5,27,1,12,8,2,0
TRUE,041ae7b7f5e4e09d7cfebab36eef4673d5754605b0b482ac6b7da0fce57595a2,0,4,12,1,2,4,2,57,FALSE,0,0,0,1,0,0,1,56,113,0,411,80,2,73,0,1,0,5,10,0,4,1,0,1,0,817,21,0,30,0,2,81,1,1,1,0,1,196175911,-10200,756.851508488,0,14,36,1,0,14,8,-267529973,-4140,2,809673,0,4,6,1,0,1,1,1761.55555556,9097,48,4126.25,9044,404,0,1,463705884,-6060,1788.98875,0,0,0,0,0,0,0,0,0,0,0,0,0,0,FALSE,-1.0,-1.0,-1.0,0.0851516900155,0.11938229024,0.000883928107181,0.580890254259,0.999978335095,0.161802173423,0.0953996741598,0.113892403418,0.0711388807044,0.103609806402,0.107579250221,0.000810267431582,1,7,17,1,5,5,0,3.50829765846,282.482251796,7692.9330769,2849.23453273,230788,0,5,8,1,0,2,1,1,6,24,1,10,6,2,3
TRUE,045e5ebd1c71ef91c1a2c3336c8c08a25983b469d6a7fbb5496cf9b10521d10c,0,4,12,1,2,4,2,58,FALSE,0,0,0,1,0,0,1,57,116,0,421,82,2,76,0,1,0,5,10,0,4,1,0,1,0,846,21,0,30,0,2,82,0,1,1,0,1,137736923,-10860,531.392449846,0,14,37,1,0,15,8,-362141928,-5100,2,809673,0,4,6,1,0,1,1,1145.75,8553,29,3346.33333333,8502,241,0,1,499878851,-5760,1928.54494985,0,0,0,0,0,0,0,0,0,0,0,0,0,0,FALSE,-1.0,-1.0,-1.0,0.0735501377951,0.118492692179,0.0013611514002,0.587529287069,0.999972107553,0.175086466585,0.0864782996764,0.111201606605,0.0540611402432,0.098952359701,0.102872922013,0.00111011937967,1,6,15,1,4,5,0,4.5167522035,211.891252705,5975.33313416,2186.09753432,179260,0,5,8,1,0,2,1,1,6,26,1,11,7,2,3
TRUE,068cac848c22ba2b8ddea7d2021e0b4ab5cb813f35ad8919f552b5642f61c6fe,0,18,36,2,6,3,9,27,FALSE,0,0,0,1,0,0,1,26,68,0,200,45,2,39,0,1,1,3,9,0,4,2,0,1,0,390,9,0,19,0,2,46,1,1,1,0,1,339792554,-6300,1966.39209491,1,10,25,1,1,9,5,-160725198,-1500,3,866248,0,3,5,1,0,1,1,331.0,2278,37,939.25,2226,319,0,1,500517752,-4800,2896.51476852,0,0,0,0,0,0,0,0,0,0,0,0,0,0,FALSE,-1.0,-1.0,-1.0,0.0195700767889,0.0316449242765,0.00869395711501,0.522878992353,0.999988004199,0.0457699805068,0.0210436347278,0.0295246663668,0.0146348777928,0.0244393935807,0.0273924126556,7.79727095517e-05,1,9,27,2,5,5,8,2.59783475783,854.999997808,17549.9990763,7248.91288589,333450,0,7,10,2,1,2,0,0,0,18,2,8,7,3,2
TRUE,0adaee66fa0ac4ab68084782bd5cd09d6a5eb095a779d2a0af20864ff3a00ba3,0,5,13,1,2,4,2,55,FALSE,0,0,0,1,0,0,1,54,112,0,399,79,2,72,0,1,0,5,10,0,4,1,0,1,0,802,20,0,29,0,2,80,1,1,1,0,1,152758462,-10260,589.34591821,0,13,34,1,0,13,8,-311567212,-4080,2,809673,0,4,6,1,0,1,1,780.3,5990,29,2121.5,5939,282,0,1,464325674,-6180,1791.37991512,0,0,0,0,0,0,0,0,0,0,0,0,0,0,FALSE,-1.0,-1.0,-1.0,0.05426159722,0.0901568188183,0.00115747223,0.567488098572,0.999976663866,0.134999533277,0.0647138990012,0.0843181181742,0.0389526743209,0.0746178506938,0.0776906562121,0.000928778120041,1,7,17,1,5,5,0,3.7789274713,267.157106899,7388.2756073,2678.24996652,214260,0,5,8,1,0,2,1,1,7,26,1,10,7,2,3
TRUE,0d24c378e25bf883a392ef00ec00d706c42dd1bb8e0b34a68e32251fbde0e50c,0,3,12,1,2,5,2,64,FALSE,0,0,0,1,0,0,1,63,137,0,496,98,2,91,0,2,0,6,12,0,4,1,0,1,0,991,29,0,29,0,2,99,1,1,1,0,1,507593174,-4620,2937.46049769,0,17,37,1,0,10,10,-5617455,-6060,2,1602442,0,4,6,1,0,1,1,2708.6,13348,34,7426.5,13277,1576,0,1,513210629,1440,2969.96891782,0,0,0,0,0,0,0,0,0,0,0,0,0,0,FALSE,-1.0,-1.0,-1.0,0.454605429364,0.691327300151,0.351382604324,0.993313222725,0.993388637506,0.993237807944,0.517923579688,0.651432880845,0.349949723479,0.596080165046,0.607692307692,0.337456008044,0,4,10,1,3,3,0,40.2826043238,40.1412714025,1371.72409063,401.818177759,39780,0,4,6,1,0,1,1,1,6,27,1,12,8,1,2
TRUE,0df73d2bf60185c86c885b388f3173a746b5e263350cfc8d5209b2a853332318,0,4,12,1,2,4,2,57,FALSE,0,0,0,1,0,0,1,56,113,0,411,80,2,73,0,1,0,5,10,0,4,1,0,1,0,817,21,0,30,0,2,81,1,1,1,0,1,196015899,-10200,756.234178241,0,14,36,1,0,14,8,-267391107,-4140,2,809673,0,4,6,1,0,1,1,1785.88888889,9211,48,4181.0,9158,291,0,1,463407006,-6060,1787.8356713,0,0,0,0,0,0,0,0,0,0,0,0,0,0,FALSE,-1.0,-1.0,-1.0,0.0861374086063,0.120406340507,0.000884479977801,0.581415514819,0.999978321569,0.16285270807,0.096408751149,0.114913026136,0.0721328107386,0.104592358787,0.108595931392,0.000810773312985,1,7,17,1,5,5,0,3.51048802483,282.305997206,7688.13307706,2847.45675497,230644,0,5,8,1,0,2,1,1,6,24,1,10,6,2,3
TRUE,0ea9c097c878e5572396dd5590daf5ccc30268f93722c24ba364f81ef670e7ca,0,3,12,1,2,5,2,52,FALSE,0,1,0,1,0,0,1,51,131,0,422,86,2,81,0,1,2,5,12,0,4,3,0,2,0,834,21,0,30,0,2,86,0,1,1,0,1,230466975,-6300,889.147280093,0,16,40,2,0,15,9,-312135194,-1860,3,939723,0,4,6,1,0,1,1,1234.14285714,16264,9,5873.66666667,16227,42,0,1,542602169,-4440,2093.37256559,0,0,0,0,0,0,0,0,0,0,0,0,0,0,FALSE,0.000957088962813,0.000957088962813,0.000957088962813,0.0985790206952,0.13795554647,0.0030942779089,0.592319593377,0.999976769685,0.184662417068,0.106841250225,0.131622962701,0.0838010370012,0.120389247152,0.12487223327,0.00358676057909,1,9,21,2,6,6,0,4.36601219127,258.0767383,7174.53309418,2502.74415694,215236,0,4,7,1,0,2,1,1,6,26,1,11,7,2,3
TRUE,0f0a509373ccc5b2c69dde6411822cbb0d569ed36304c8a3eca4b7b3defabf1b,0,4,12,1,2,4,2,53,FALSE,0,0,0,1,0,0,1,52,99,0,365,68,2,64,0,1,2,6,13,0,4,2,0,1,0,724,20,0,29,0,2,68,0,1,0,0,1,264721025,-8220,765.975188079,0,14,41,2,0,17,10,-243543565,-3420,3,943948,0,4,6,1,0,1,1,8559.44444444,76285,29,25773.0,76224,31,0,1,508264590,-4800,1470.67300347,0,0,0,0,0,0,0,0,0,0,0,0,0,0,FALSE,-1.0,-1.0,-1.0,0.315680861961,0.341795767349,0.30304405133,0.687723669132,0.999988266537,0.375459071727,0.32064935991,0.337591276562,0.302711603221,0.331857524474,0.332240817588,0.33147423136,1,8,19,2,5,6,0,3.69192620434,353.147789567,8816.51693736,3759.98523882,255679,0,5,8,1,0,2,1,1,3,22,1,10,6,3,4
TRUE,103f499aeeb240a2ecd3f9d81e22c39e6cbbb97be46a82addf20787bd507363f,0,4,12,1,2,4,2,58,FALSE,0,0,0,1,0,0,1,57,116,0,420,82,2,76,0,1,0,5,10,0,4,1,0,1,1,845,21,0,30,0,2,82,0,1,1,0,1,156583091,-10560,0.0,0,14,37,1,0,15,8,-351390493,-4920,2,809673,0,4,6,1,0,1,1,3242.375,13812,29,4331.66666667,11491,208,0,1,507973584,-5640,0.0,0,0,0,0,0,0,0,0,0,0,0,0,0,0,FALSE,-1.0,-1.0,-1.0,0.0899007674428,0.13506347062,0.00136207839766,0.595806026639,0.999972088557,0.19163996472,0.103024483917,0.127767419531,0.0705601268296,0.114960161068,0.119433062778,0.00111087541448,1,6,16,1,5,5,0,4.51982828881,211.997632885,5971.26646762,2184.60972946,179138,0,5,8,1,0,2,1,1,6,26,1,11,7,2,0
TRUE,110631daff7a459168af4aea9b376a28a5a7cbef40f761f9910ca9c042d9c9af,0,4,12,1,2,4,2,59,FALSE,0,0,0,1,0,0,1,58,117,0,427,81,2,78,0,1,0,5,10,0,4,1,0,1,0,854,22,0,31,0,2,81,0,1,1,0,1,99334355,-9480,287.425795718,0,13,35,1,0,14,8,-450578602,-5880,2,809673,0,4,6,1,0,1,1,338.833333333,1860,4,1553.0,1810,1296,0,1,549912957,-3600,1591.18332465,0,0,0,0,0,0,0,0,0,0,0,0,0,0,FALSE,-1.0,-1.0,-1.0,0.0459216900527,0.104799288994,0.0186342764035,0.590368093616,0.999977781069,0.180758406162,0.0619656347208,0.0951192415938,0.0184194934084,0.0803510591024,0.0837357428529,0.00136276107243,1,6,15,1,4,5,0,5.99668937935,158.103044311,4355.48373047,1666.91355967,135020,0,4,7,1,0,2,1,1,5,24,1,11,7,1,4
TRUE,124114b71839862e8a8e17f40acbc6294b25c7a02abc43155318fe566dab143d,0,1,1,1,0,0,0,3,FALSE,0,0,0,0,0,0,0,3,13,0,26,8,1,6,0,0,1,1,3,0,1,2,0,1,0,50,1,0,4,0,1,8,0,1,1,0,1,119484404,-1080,460.973780864,0,2,6,1,1,2,1,-1245081,-240,2,69251,0,1,1,1,0,0,0,7581.66666667,22131,13,120.0,120,120,0,1,120729485,-840,465.777334105,0,0,0,0,0,0,0,0,0,0,0,0,0,0,FALSE,-1.0,-1.0,-1.0,0.147825432222,0.150691427326,0.146609506966,0.999980775885,0.999980775885,0.999980775885,0.148442205903,0.151050277468,0.146423673856,0.15038704551,0.150454329911,0.150319761108,1346,2500,16493,2,6311,7681,1,0.443763056378,3121.07993758,39013.4902466,19506.7475617,156054,0,2,2,1,0,0,0,0,3,7,1,1,2,1,3
TRUE,14d0ebc3d8da805ede20e4f2f8ca64af0fe547c79faa0d0a8a2c4f5a00492fdb,0,3,11,1,2,4,2,64,FALSE,0,0,0,1,0,0,1,63,123,0,459,87,2,83,0,1,0,6,11,0,4,2,0,1,0,922,27,0,29,0,2,87,0,1,0,0,1,488855044,-4800,0.0,0,16,40,1,0,13,11,-101919506,-5040,2,813898,0,4,6,1,0,1,1,219.222222222,1527,24,997.666666667,1470,155,0,1,590774550,240,0.0,0,0,0,0,0,0,0,0,0,0,0,0,0,0,FALSE,-1.0,-1.0,-1.0,0.245216230116,0.569322435261,0.0923153311435,0.989763959973,0.98987854251,0.989649377435,0.348428135916,0.516652662134,0.0912076999465,0.433477593187,0.45233366435,0.00656939882362,0,4,10,1,3,3,0,31.0861660683,28.3969630928,902.827555075,300.942525277,26182,0,4,6,1,0,1,1,1,5,27,1,12,8,2,0
TRUE,18cdc2852256d1ba0c9b52c6a7d4c36c56034cfd46dbe3d95e24efd82a0be688,0,5,13,1,2,4,2,55,FALSE,0,0,0,1,0,0,1,54,122,0,434,89,2,78,0,1,0,5,10,0,4,1,0,1,0,857,20,0,30,0,2,89,0,1,1,0,1,45524095,-11700,131.724811921,0,14,32,1,0,11,7,-363261410,-5160,2,809673,0,4,6,1,0,1,1,258.058823529,1708,8,1230.25,1652,274,0,1,408785505,-6540,1182.82842882,0,0,0,0,0,0,0,0,0,0,0,0,0,0,FALSE,-1.0,-1.0,-1.0,0.053959215816,0.108791891577,0.0241155683274,0.587708567952,0.999980583278,0.175436552626,0.0715901000608,0.099711338071,0.0339986796629,0.0751819778304,0.0908314240224,0.0240120124785,1,7,17,1,5,5,0,5.24039843113,180.287047631,5150.19982833,1736.0224524,154506,0,5,8,1,0,2,1,1,8,25,1,10,6,1,4
TRUE,198e88a7ae59ea62d39bf60066ca10bf36549311bf1d9a063001dec78e79d07e,0,4,12,1,2,4,2,59,FALSE,0,0,0,1,0,0,1,58,115,0,422,80,2,76,0,1,0,5,10,0,4,1,0,1,0,844,23,0,30,0,2,80,0,1,0,0,1,173078892,-8880,667.742638889,0,13,36,1,0,15,8,-354192935,-4980,2,809673,0,4,6,1,0,1,1,747.25,2826,36,2020.5,2761,1280,0,1,527271827,-3900,2034.22772762,0,0,0,0,0,0,0,0,0,0,0,0,0,0,FALSE,-1.0,-1.0,-1.0,0.0354607573214,0.075244884301,0.0168275568355,0.071168549352,0.126726358271,0.0156107404328,0.0461862945913,0.0686994260683,0.0166805248535,0.0584420017982,0.0609219412278,0.000932892575392,1,6,15,1,4,5,0,4.10509744671,233.691942851,6574.53311418,2465.44996918,197236,0,4,7,1,0,2,1,1,4,22,1,10,7,1,3
TRUE,19ca54b07d5a2c0d6ad83a883c3e60f4ada84967baf025cf1fba846502b8e221,0,4,12,1,2,4,2,61,FALSE,0,0,0,1,0,0,1,60,119,0,447,86,2,79,0,1,0,6,11,0,4,1,0,1,0,891,23,0,30,0,2,86,0,1,1,0,1,225037829,-10260,2604.60450231,0,14,36,1,0,13,9,-257586311,-5700,2,813898,0,4,6,1,0,1,1,18140.4285714,126402,37,741.0,1376,106,0,1,482624140,-4560,5585.9275463,0,0,0,0,0,0,0,0,0,0,0,0,0,0,FALSE,-1.0,-1.0,-1.0,0.867226210266,0.926933574165,0.00171991314107,0.999030473673,0.999973437635,0.998087509712,0.889627939744,0.917723074063,0.846608982064,0.876468843452,0.907290705164,0.00150741422016,1,6,15,1,4,5,0,5.40476396018,169.011223155,5019.63316601,1751.03486336,150589,0,4,7,1,0,2,1,1,5,24,1,11,6,2,1
TRUE,1c6ff5b5e5c2c0e0758e270fc0aad0cdd99b594229a444bf241f6345c07d48b0,0,4,12,1,2,4,2,55,FALSE,0,0,0,1,0,0,1,54,111,0,400,79,2,71,0,1,0,5,10,0,4,1,0,1,0,795,21,0,29,0,2,79,0,1,1,0,1,197636757,-9960,762.487488426,0,14,35,1,0,13,8,-248837018,-3660,2,809673,0,4,6,1,0,1,1,877.333333333,6047,48,2127.5,5991,298,0,1,446473775,-6300,1722.50684799,0,0,0,0,0,0,0,0,0,0,0,0,0,0,FALSE,-1.0,-1.0,-1.0,0.0472100581791,0.0777991367741,0.00082211986024,0.558106545122,0.999979850003,0.11623324024,0.0560919484644,0.0728220876202,0.0340937942041,0.0644712342123,0.0671276985883,0.000753609871886,1,7,17,1,5,5,0,3.26298163529,312.124527909,8556.51694633,3140.99996024,248139,0,5,8,1,0,2,1,1,6,24,1,10,6,2,3
TRUE,1d551d0f18dbd523e5b7b395eea80637a907f6d9d73d00f3c1e6fd73a9aae5f1,0,4,12,1,2,4,2,57,FALSE,0,0,0,1,0,0,1,56,113,0,412,80,2,73,0,1,0,5,10,0,4,1,0,1,0,819,21,0,30,0,2,81,1,1,1,0,1,195707906,-10200,755.045933642,0,14,36,1,0,14,8,-268865266,-4200,2,809673,0,4,6,1,0,1,1,1844.77777778,9603,48,4313.75,9550,291,0,1,464573172,-6000,1792.33476852,0,0,0,0,0,0,0,0,0,0,0,0,0,0,FALSE,-1.0,-1.0,-1.0,0.0889159442151,0.123490547524,0.000889644796232,0.583125095397,0.99997819498,0.166271995813,0.0993179389896,0.117965155579,0.0748653540045,0.107504851617,0.111611172892,0.000815507729879,1,7,17,1,5,5,0,3.53098711323,279.98168464,7643.49974522,2830.92589098,229305,0,5,8,1,0,2,1,1,6,24,1,10,6,2,3
TRUE,1ec061fc86856f77e60be8bdfe2e2246fb3a3d345f80fa0b1d76b6433112ff1c,0,4,12,1,2,4,2,58,FALSE,0,0,0,1,0,0,1,57,116,0,421,82,2,76,0,1,0,5,10,0,4,1,0,1,0,846,21,0,30,0,2,82,0,1,1,0,1,137395279,-10860,530.074378858,0,14,37,1,0,15,8,-362341586,-5100,2,809673,0,4,6,1,0,1,1,1117.875,8403,29,3272.0,8352,168,0,1,499736865,-5760,1927.99716435,0,0,0,0,0,0,0,0,0,0,0,0,0,0,FALSE,-1.0,-1.0,-1.0,0.0723293102999,0.117263080374,0.00136131847041,0.586917952666,0.99997210413,0.173863801203,0.085244758366,0.109971099878,0.0528236199913,0.09776182134,0.101641393008,0.00111025563776,1,6,15,1,4,5,0,4.51730659793,211.865247977,5974.59980085,2185.82924164,179238,0,5,8,1,0,2,1,1,6,26,1,11,7,2,3
TRUE,200ce97ae770557be5ca5015b571aba88ecb5b830e9b56f6e58e52c41b8ee958,0,4,12,1,2,4,2,58,FALSE,0,0,0,1,0,0,1,57,116,0,421,82,2,76,0,1,0,5,10,0,4,1,0,1,0,846,21,0,30,0,2,82,0,1,1,0,1,137511507,-10860,530.522789352,0,14,37,1,0,15,8,-362211748,-5100,2,809673,0,4,6,1,0,1,1,1138.0,8564,29,3325.66666667,8513,168,0,1,499723255,-5760,1927.94465664,0,0,0,0,0,0,0,0,0,0,0,0,0,0,FALSE,-1.0,-1.0,-1.0,0.0732254033904,0.118174513721,0.00136147038802,0.587376825988,0.999972101017,0.17478155096,0.0861526185986,0.11088171947,0.0537278621567,0.0986411335171,0.102551083039,0.00111037953777,1,6,15,1,4,5,0,4.51781071098,211.841607315,5973.9331342,2185.5853392,179218,0,5,8,1,0,2,1,1,6,26,1,11,7,2,3
TRUE,241da6dbdb5a239c78848ff34892154b10da328960c3483b5d55a6cbbeb0c208,0,5,14,2,2,5,2,53,FALSE,0,1,0,1,0,0,1,52,141,0,445,95,2,87,0,1,2,5,12,0,4,0,0,1,0,874,24,0,30,0,2,96,1,1,1,0,1,307292693,-4440,592.771398534,0,16,38,2,0,13,9,-336700874,-1260,3,939723,0,4,6,1,0,1,1,747.0,9189,34,1403.9,9118,26,0,1,643993567,-3180,1242.27154128,0,0,0,0,0,0,0,0,0,0,0,0,0,0,FALSE,0.0196901177613,0.0196901177613,0.0196901177613,0.0703057825264,0.103841659585,0.0112184351099,0.571751320262,0.999984824572,0.143517815952,0.0773905725183,0.0984885273765,0.057624893772,0.089737363927,0.0928129173243,0.0113284569625,1,6,15,1,4,5,0,3.56517466918,301.583523682,8786.13304046,2745.66663807,263584,0,0,4,2,1,2,1,1,10,31,2,11,8,2,6
TRUE,30343798c4f074241c7b406c1614e4f78bc0130cbf35263ad72e43c38bd16ab6,0,4,12,1,2,4,2,58,FALSE,0,0,0,1,0,0,1,57,116,0,420,82,2,76,0,1,0,5,10,0,4,1,0,1,1,845,21,0,30,0,2,82,0,1,1,0,1,156456660,-10560,0.0,0,14,37,1,0,15,8,-351581468,-4920,2,809673,0,4,6,1,0,1,1,3189.375,13600,29,4261.0,11279,208,0,1,508038128,-5640,0.0,0,0,0,0,0,0,0,0,0,0,0,0,0,0,FALSE,-1.0,-1.0,-1.0,0.0887140873561,0.133854620142,0.00136181992722,0.595196236019,0.999972093854,0.190420378184,0.101821713214,0.126559953564,0.0693635166209,0.113794566115,0.118227178354,0.00111066461277,1,6,16,1,5,5,0,4.51897059808,212.037869572,5972.39980092,2185.0243636,179172,0,5,8,1,0,2,1,1,6,26,1,11,7,2,0
TRUE,37ddbc26c25863a7aeef233c3e95920bb292e983bf0123a7344042431b8225fe,0,4,12,1,2,4,2,57,FALSE,0,0,0,1,0,0,1,56,113,0,412,80,2,73,0,1,0,5,10,0,4,1,0,1,0,819,21,0,30,0,2,81,1,1,1,0,1,195782343,-10200,755.333113426,0,14,36,1,0,14,8,-268830309,-4200,2,809673,0,4,6,1,0,1,1,1876.55555556,9829,48,4385.25,9776,291,0,1,464612652,-6000,1792.48708333,0,0,0,0,0,0,0,0,0,0,0,0,0,0,FALSE,-1.0,-1.0,-1.0,0.0902033003155,0.124821624169,0.000890242678409,0.583805001942,0.999978180327,0.167631823557,0.100632770531,0.119292518907,0.0761637522856,0.108783582296,0.112934266052,0.000816055788541,1,6,16,1,5,5,0,3.5333600988,279.793650452,7638.36641205,2829.02465643,229151,0,5,8,1,0,2,1,1,6,24,1,10,6,2,3
TRUE,3823a92f7936586a1db3b14087b9113a79daf1d8b12bb70f48d1834bf6d7d5f3,0,4,12,1,2,4,2,58,FALSE,0,0,0,1,0,0,1,57,116,0,421,82,2,76,0,1,0,5,10,0,4,1,0,1,0,846,21,0,30,0,2,82,0,1,1,0,1,137937233,-10860,532.165250772,0,14,37,1,0,15,8,-361909418,-5100,2,809673,0,4,6,1,0,1,1,1181.875,8842,29,3442.66666667,8791,241,0,1,499846651,-5760,1928.42072145,0,0,0,0,0,0,0,0,0,0,0,0,0,0,FALSE,-1.0,-1.0,-1.0,0.075160142294,0.120131011433,0.00136144759822,0.588354601302,0.999972101484,0.176737101121,0.0881096523287,0.112838339257,0.0556854386484,0.100532675672,0.104507842273,0.001110360951,1,6,15,1,4,5,0,4.51773508685,211.845153414,5974.0331342,2185.62192457,179221,0,5,8,1,0,2,1,1,6,26,1,11,7,2,3
TRUE,39d8b52e7e24903e0dde822bc685f5ccf1d814a192c0ed3d5986384209cf5a94,0,4,12,1,2,4,2,58,FALSE,0,0,0,1,0,0,1,57,116,0,420,82,2,76,0,1,0,5,10,0,4,1,0,1,1,845,21,0,30,0,2,82,0,1,1,0,1,156454879,-10560,0.0,0,14,37,1,0,15,8,-351584153,-4920,2,809673,0,4,6,1,0,1,1,3188.625,13597,29,4260.0,11276,208,0,1,508039032,-5640,0.0,0,0,0,0,0,0,0,0,0,0,0,0,0,0,FALSE,-1.0,-1.0,-1.0,0.0886975361247,0.133837876454,0.00136181992722,0.595187864175,0.999972093854,0.190403634496,0.101804969526,0.126543209877,0.0693467729333,0.113778380551,0.118210434666,0.00111066461277,1,6,16,1,5,5,0,4.51897059808,212.037869572,5972.39980092,2185.0243636,179172,0,5,8,1,0,2,1,1,6,26,1,11,7,2,0
TRUE,3b2faaa5e0539c2c72d21347acb5ca70d40d1f9a4d1d9f5e38f9fb380e0a4f23,0,3,12,1,2,5,2,52,FALSE,0,1,0,1,0,0,1,51,131,0,422,86,2,81,0,1,2,5,12,0,4,3,0,2,0,834,21,0,30,0,2,86,0,1,1,0,1,230327624,-6300,888.609660494,0,16,40,2,0,15,9,-312388161,-1800,3,939723,0,4,6,1,0,1,1,1205.64285714,15865,9,5740.66666667,15828,42,0,1,542715785,-4500,2093.81089892,0,0,0,0,0,0,0,0,0,0,0,0,0,0,FALSE,0.000957275760477,0.000957275760477,0.000957275760477,0.096764383552,0.136128330716,0.00309488182756,0.591410541186,0.999976765151,0.182844317221,0.105007961808,0.129794510999,0.0819632517635,0.118620407632,0.123042464009,0.00358746061693,1,9,21,2,6,6,0,4.36686431778,258.026378587,7173.13309423,2502.25578486,215194,0,4,7,1,0,2,1,1,6,26,1,11,7,2,3
TRUE,3eec97fd08371425fe11e67ec137fcef5f98465c7c5b2d629dd4f5a1388d04f8,0,4,12,1,2,4,2,57,FALSE,0,0,0,1,0,0,1,56,113,0,411,80,2,73,0,1,0,5,10,0,4,1,0,1,0,818,21,0,30,0,2,81,1,1,1,0,1,195349948,-10200,753.66492284,0,14,36,1,0,14,8,-268614125,-4140,2,809673,0,4,6,1,0,1,1,1664.33333333,8690,48,3907.5,8637,291,0,1,463964073,-6060,1789.98484954,0,0,0,0,0,0,0,0,0,0,0,0,0,0,FALSE,-1.0,-1.0,-1.0,0.0814948243345,0.115726385269,0.000884698617008,0.57910246458,0.99997831621,0.158226612949,0.0917055167898,0.110231712976,0.0674062284517,0.100065485045,0.103913056677,0.000810973732257,1,7,17,1,5,5,0,3.51135580063,281.891197699,7686.23307713,2846.75305127,230587,0,5,8,1,0,2,1,1,6,24,1,10,6,2,3
TRUE,430740ca33cd752664ec39ff30bea3c19ff9dbb2583cdd8e4ec959af9f41e857,0,4,12,1,2,4,2,55,FALSE,0,0,0,1,0,0,1,54,111,0,400,79,2,71,0,1,0,5,10,0,4,1,0,1,0,796,21,0,29,0,2,79,0,1,1,0,1,197398171,-9960,761.567017747,0,14,35,1,0,13,8,-249575715,-3660,2,809673,0,4,6,1,0,1,1,858.777777778,5815,48,2089.0,5762,298,0,1,446973886,-6300,1724.43628858,0,0,0,0,0,0,0,0,0,0,0,0,0,0,FALSE,-1.0,-1.0,-1.0,0.0466300278634,0.0773013565891,0.000823643410853,0.557913436693,0.999979812661,0.115847060724,0.0555216408269,0.0722827842377,0.0334827196382,0.0639397052927,0.0665778423773,0.000755006459948,1,7,17,1,5,5,0,3.26902858527,311.155778504,8540.68936067,3135.18983373,247680,0,5,8,1,0,2,1,1,6,24,1,10,6,2,3
TRUE,434ec6f8dbcf517b708d4f4e1a7e2fae72f8e7765120417ca0c8837597ffbda8,0,4,12,1,2,4,2,52,FALSE,0,0,0,1,0,0,1,51,110,0,389,76,2,70,0,1,1,5,11,0,4,2,0,1,0,772,19,0,30,0,2,77,1,1,1,0,1,180143220,-10500,521.247743056,0,17,42,2,0,16,9,-264413662,-4320,3,874698,0,4,6,1,0,1,1,727.9,6429,29,2531.33333333,6356,30,0,1,444556882,-6180,1286.3335706,0,0,0,0,0,0,0,0,0,0,0,0,0,0,FALSE,-1.0,-1.0,-1.0,0.0506810541529,0.0849182767135,0.00136015299439,0.563593998895,0.999986307185,0.127201690606,0.0587620948016,0.0793544293976,0.0364776601717,0.070434473032,0.0732428694664,0.0019626368711,1,8,19,2,5,6,0,3.99235940902,283.79922243,7303.09975656,2845.36359941,219093,0,5,8,1,0,2,1,1,5,24,1,11,6,2,4
TRUE,4355db6c15a9f4a93289ed52917aceea3598a7ac19da8795a2407b079a89a675,0,3,11,1,2,4,2,64,FALSE,0,0,0,1,0,0,1,63,123,0,459,87,2,83,0,1,0,6,11,0,4,2,0,1,0,922,27,0,29,0,2,87,0,1,0,0,1,488230494,-4800,0.0,0,16,40,1,0,13,11,-102033045,-5040,2,813898,0,4,6,1,0,1,1,203.888888889,1392,24,951.666666667,1368,152,0,1,590263539,240,0.0,0,0,0,0,0,0,0,0,0,0,0,0,0,0,FALSE,-1.0,-1.0,-1.0,0.241216838308,0.567040393181,0.087505759484,0.989709722009,0.989824911688,0.98959453233,0.344975635638,0.514091537398,0.0863922592536,0.430658461278,0.449431730917,0.00660420826294,0,4,10,1,3,3,0,31.2508831209,28.2472884726,898.068934549,299.356318398,26044,0,4,6,1,0,1,1,1,5,27,1,12,8,2,0
TRUE,44b577a6e09f30d0fd88195d7baa609643a388d8713c13d8bf8cb79deb870c61,0,4,12,1,2,4,2,58,FALSE,0,0,0,1,0,0,1,57,116,0,421,82,2,76,0,1,0,5,10,0,4,1,0,1,0,846,21,0,30,0,2,82,0,1,1,0,1,137769021,-10860,531.516284722,0,14,37,1,0,15,8,-362105150,-5100,2,809673,0,4,6,1,0,1,1,1151.375,8598,29,3361.33333333,8547,241,0,1,499874171,-5760,1928.52689429,0,0,0,0,0,0,0,0,0,0,0,0,0,0,FALSE,-1.0,-1.0,-1.0,0.0738007545704,0.118747698796,0.00136119696074,0.587657737066,0.99997210662,0.175343367512,0.0867322347061,0.111456369174,0.0543139902038,0.0991983442489,0.103127405804,0.00111015653765,1,6,15,1,4,5,0,4.51690338849,211.884160506,5975.13313416,2186.02436359,179254,0,5,8,1,0,2,1,1,6,26,1,11,7,2,3
TRUE,46fda5cc804a663ebe9c023b57211a1c8f7939c9d7dc434f18c026f7263fca27,0,4,12,1,2,4,2,58,FALSE,0,0,0,1,0,0,1,57,116,0,421,82,2,76,0,1,0,5,10,0,4,1,0,1,0,846,21,0,30,0,2,82,0,1,1,0,1,137920529,-10860,532.100806327,0,14,37,1,0,15,8,-361929093,-5100,2,809673,0,4,6,1,0,1,1,1178.75,8817,29,3434.33333333,8766,241,0,1,499849622,-5760,1928.43218364,0,0,0,0,0,0,0,0,0,0,0,0,0,0,FALSE,-1.0,-1.0,-1.0,0.0750209972905,0.119989510333,0.00136142480918,0.588283377226,0.999972101951,0.176594652502,0.0879686872294,0.112696960229,0.0555450162925,0.100396152301,0.104366602687,0.00111034236486,1,6,15,1,4,5,0,4.51765946525,211.848699513,5974.1331342,2185.65850993,179224,0,5,8,1,0,2,1,1,6,26,1,11,7,2,3
TRUE,47b900a6484a45fbe807a6bcfce83177206883d018350d36d6fdb40692fb12aa,0,4,12,1,2,4,2,58,FALSE,0,0,0,1,0,0,1,57,116,0,421,82,2,76,0,1,0,5,10,0,4,1,0,1,0,846,21,0,30,0,2,82,0,1,1,0,1,137437989,-10860,530.239155093,0,14,37,1,0,15,8,-362294133,-5100,2,809673,0,4,6,1,0,1,1,1125.25,8462,29,3291.66666667,8411,168,0,1,499732122,-5760,1927.97886574,0,0,0,0,0,0,0,0,0,0,0,0,0,0,FALSE,-1.0,-1.0,-1.0,0.072657940962,0.117597500418,0.00136137923339,0.587086425264,0.999972102885,0.174200747643,0.0855777492607,0.110305194443,0.0531551637561,0.0980843980732,0.101975115773,0.00111030519444,1,6,15,1,4,5,0,4.51750822965,211.855791712,5974.33313419,2185.73168066,179230,0,5,8,1,0,2,1,1,6,26,1,11,7,2,3
TRUE,48bf2d9fc03c55d15f3452f01751a416a290c4abc3e2b79020dfdc97efe98676,0,4,12,1,2,4,2,53,FALSE,0,0,0,1,0,0,1,52,99,0,365,68,2,65,0,1,2,6,13,0,4,2,0,1,0,725,20,0,29,0,2,68,0,1,0,0,1,262493426,-8280,759.52958912,0,14,41,2,0,17,10,-248323233,-3480,3,943948,0,4,6,1,0,1,1,8435.55555556,75171,29,25401.6666667,75110,31,0,1,510816659,-4800,1478.05746238,0,0,0,0,0,0,0,0,0,0,0,0,0,0,FALSE,-1.0,-1.0,-1.0,0.313067402254,0.339356229253,0.300359485864,0.686618001038,0.999988200683,0.373247801394,0.318076311933,0.335128140585,0.300025171877,0.329334675833,0.329720120196,0.328949231471,1,8,19,2,5,6,0,3.71264729481,350.692413309,8767.31004251,3738.99994501,254252,0,5,8,1,0,2,1,1,3,22,1,10,6,3,4
TRUE,4c144ca1ecbff954ae85ed196ab3b972c1e9e4231553784f27513471ca7e93d4,0,5,14,2,2,5,2,53,FALSE,0,1,0,1,0,0,1,52,141,0,445,95,2,87,0,1,2,5,12,0,4,0,0,1,0,874,24,0,30,0,2,95,0,1,1,0,1,307252776,-4440,592.694398148,0,16,38,2,0,13,9,-336693218,-1260,3,939723,0,4,6,1,0,1,1,748.473684211,9217,34,1405.9,9146,26,0,1,643945994,-3180,1242.17977238,0,0,0,0,0,0,0,0,0,0,0,0,0,0,FALSE,0.0196932557239,0.0196932557239,0.0196932557239,0.0704219801191,0.103934097791,0.0112202229626,0.571800699699,0.999984822154,0.143616577244,0.0775091509766,0.0986104681607,0.0577403222257,0.0898543685636,0.0929339536013,0.0113302623491,1,6,15,1,4,5,0,3.56574284175,301.535468763,8784.73304051,2774.12628659,263542,0,0,4,2,1,2,1,1,10,31,2,11,8,2,6
TRUE,565b38ce3f0c06b50857f1c1ba75fe8e826ee485ddec3c7c273268a96e9bad3c,0,6,16,2,2,5,3,49,FALSE,0,1,0,1,0,0,1,48,143,0,425,93,2,86,0,1,2,5,12,0,4,0,0,1,0,832,23,0,29,0,2,93,0,1,1,0,1,431206906,-1260,831.803445216,0,18,40,2,0,12,10,-247409464,1200,3,939723,0,4,6,1,0,1,1,490.80952381,3930,42,888.272727273,3854,24,0,1,678616370,-2460,1309.05935571,0,0,0,0,0,0,0,0,0,0,0,0,0,0,FALSE,0.0303848968242,0.0303848968242,0.0303848968242,0.0423342449632,0.0675603687985,0.000231230791746,0.548322845017,0.999988292112,0.0966573979218,0.0480455144153,0.0635943216742,0.0332913800673,0.0552241909193,0.0594116786185,0.000289770232694,1,6,15,1,4,5,0,2.75054295331,410.637018737,11781.0340765,3673.65587448,341650,0,7,11,2,1,2,1,1,0,22,2,11,8,3,6
TRUE,59013e24cfd7c2097fecb82fc37d5ddded5d2304cc2199861729723b06a1a12e,0,4,12,1,2,4,2,58,FALSE,0,0,0,1,0,0,1,57,116,0,421,82,2,76,0,1,0,5,10,0,4,1,0,1,0,846,21,0,30,0,2,82,0,1,1,0,1,137824521,-10860,531.730405093,0,14,37,1,0,15,8,-362041057,-5100,2,809673,0,4,6,1,0,1,1,1161.25,8677,29,3387.66666667,8626,241,0,1,499865578,-5760,1928.49374228,0,0,0,0,0,0,0,0,0,0,0,0,0,0,FALSE,-1.0,-1.0,-1.0,0.0742405459251,0.119195063712,0.00136127290174,0.587882997478,0.999972105063,0.175793889893,0.0871778134833,0.111903327308,0.0547577603713,0.0996299271756,0.103573899266,0.00111021847314,1,6,15,1,4,5,0,4.51715538595,211.872340175,5974.79980084,2185.90241237,179244,0,5,8,1,0,2,1,1,6,26,1,11,7,2,3
TRUE,59035fa127fc6f2a6ec3cc06798d59d4eb4ae79e251091e400745f4cf623155e,0,4,12,1,2,4,2,58,FALSE,0,0,0,1,0,0,1,57,116,0,421,82,2,76,0,1,0,5,10,0,4,1,0,1,0,846,21,0,30,0,2,82,0,1,1,0,1,137765002,-10860,531.500779321,0,14,37,1,0,15,8,-361918415,-5100,2,809673,0,4,6,1,0,1,1,1183.5,8928,29,3447.0,8877,168,0,1,499683417,-5760,1927.79096065,0,0,0,0,0,0,0,0,0,0,0,0,0,0,FALSE,-1.0,-1.0,-1.0,0.0752536791341,0.120238434104,0.00136184272949,0.588416522948,0.999972093387,0.176860952509,0.0882077814801,0.112943645385,0.0557741573598,0.100631991769,0.104610730651,0.00111068320971,1,6,15,1,4,5,0,4.51904626358,211.783687693,5972.29980092,2184.98777823,179169,0,5,8,1,0,2,1,1,6,26,1,11,7,2,3
TRUE,5ab37b23628d091eec74003d860f8b1e1cd83e80cebdc411edf730f82a16cce5,0,4,12,1,2,4,2,57,FALSE,0,0,0,1,0,0,1,56,113,0,411,80,2,73,0,1,0,5,10,0,4,1,0,1,0,818,21,0,30,0,2,81,1,1,1,0,1,195626937,-10200,754.733553241,0,14,36,1,0,14,8,-268024323,-4140,2,809673,0,4,6,1,0,1,1,1703.44444444,8806,48,3995.5,8753,291,0,1,463651260,-6060,1788.77800926,0,0,0,0,0,0,0,0,0,0,0,0,0,0,FALSE,-1.0,-1.0,-1.0,0.0829390195959,0.117147612319,0.000884165633695,0.579800282586,0.999978329274,0.159622235899,0.093158551702,0.111656250271,0.0688912389588,0.101446448746,0.105341400622,0.000810485164221,1,7,17,1,5,5,0,3.5092403977,282.06112435,7690.8664103,2848.46910064,230726,0,5,8,1,0,2,1,1,6,24,1,10,6,2,3
TRUE,6a3aeed6a252146a6702f11d426c03b0690882e612ec248f0745e865274f9ae6,0,4,12,1,2,4,2,58,FALSE,0,0,0,1,0,0,1,57,116,0,421,82,2,76,0,1,0,5,10,0,4,1,0,1,0,846,21,0,30,0,2,82,0,1,1,0,1,138050364,-10860,532.601712963,0,14,37,1,0,15,8,-361773315,-5100,2,809673,0,4,6,1,0,1,1,1203.375,9014,29,3500.0,8963,241,0,1,499823679,-5760,1928.33209491,0,0,0,0,0,0,0,0,0,0,0,0,0,0,FALSE,-1.0,-1.0,-1.0,0.0761190134354,0.121106938174,0.001361629938,0.588846353455,0.999972097747,0.177720609162,0.0890812904234,0.113813289285,0.0566527341418,0.101473983009,0.105481676591,0.00111050966255,1,6,15,1,4,5,0,4.51834015078,211.81678462,5973.23313423,2185.32924164,179197,0,5,8,1,0,2,1,1,6,26,1,11,7,2,3
TRUE,6c7c417a6cde79536868bdb69912a0427b95ac4a08bafad3d4c6149ad617001e,0,4,13,1,2,5,2,57,FALSE,0,1,0,1,0,0,1,56,141,0,463,93,2,89,0,1,1,5,11,0,4,3,0,2,0,916,24,0,30,0,2,94,1,1,1,0,1,163555947,-6600,631.002881944,0,13,34,1,0,13,8,-456567999,-3120,3,874698,0,4,6,1,0,1,1,274.0,2793,7,1421.33333333,2740,44,0,1,620123946,-3480,2392.45349537,0,0,0,0,0,0,0,0,0,0,0,0,0,0,FALSE,0.00118617467791,0.00118617467791,0.00118617467791,0.0482542986466,0.103404017178,0.00364368529265,0.585292042289,0.999975668212,0.170608416366,0.0618270739808,0.0943343431025,0.0261445064905,0.0814378870275,0.0846989549497,0.00415465284621,1,6,15,1,4,5,0,5.32074163291,179.469432118,5479.79981734,1748.87232182,164394,0,4,7,1,0,2,1,1,7,26,1,11,7,1,3
TRUE,6d1c18b53a74274e75366ed1f56c4cbc39bca336f252fd1fbc075d45f86ced70,0,5,14,2,2,5,2,53,FALSE,0,1,0,1,0,0,1,52,141,0,445,95,2,87,0,1,2,5,12,0,4,0,0,1,0,874,24,0,30,0,2,96,1,1,1,0,1,307332931,-4440,592.849018133,0,16,38,2,0,13,9,-336708305,-1260,3,939723,0,4,6,1,0,1,1,745.526315789,9161,34,1401.1,9090,26,0,1,644041236,-3180,1242.36349537,0,0,0,0,0,0,0,0,0,0,0,0,0,0,FALSE,0.0196869061211,0.0196869061211,0.0196869061211,0.07018919929,0.103718511382,0.0112166052794,0.571686511624,0.999984827047,0.143388196201,0.0772717387319,0.0983662523186,0.0575092839504,0.0896200566204,0.0926915680109,0.0113266091865,1,6,15,1,4,5,0,3.56459315624,301.632722767,8787.56637375,2746.11455473,263627,0,0,4,2,1,2,1,1,10,31,2,11,8,2,6
TRUE,6e8c8759cf51b268769eeb021cb995b352730962f16ac72b9e1ef57b6456c23d,0,4,12,1,2,4,2,59,FALSE,0,0,0,1,0,0,1,58,115,0,422,80,2,76,0,1,0,5,10,0,4,1,0,1,0,844,23,0,30,0,2,80,0,1,0,0,1,173063877,-8880,667.684710648,0,13,36,1,0,15,8,-354193514,-4980,2,809673,0,4,6,1,0,1,1,745.75,2820,36,2017.5,2755,1280,0,1,527257391,-3900,2034.17203318,0,0,0,0,0,0,0,0,0,0,0,0,0,0,FALSE,-1.0,-1.0,-1.0,0.0354294387629,0.0752125572269,0.016796710623,0.0711363256118,0.126692726157,0.0155799250663,0.0461547041437,0.0686672649196,0.0166496823683,0.0584111146601,0.060889977236,0.000932868926846,1,6,15,1,4,5,0,4.10499338373,233.697867022,6574.69978084,2465.51246918,197241,0,4,7,1,0,2,1,1,4,22,1,10,7,1,3
TRUE,6e9c14a94bd37eebfc2d18209679a291a552d7b016f9fc4b6d29a14c2f9f1d7a,0,4,12,1,2,4,2,55,FALSE,0,0,0,1,0,0,1,54,111,0,400,79,2,71,0,1,0,5,10,0,4,1,0,1,0,795,21,0,29,0,2,79,0,1,1,0,1,197733299,-9960,762.859949846,0,14,35,1,0,13,8,-248650129,-3660,2,809673,0,4,6,1,0,1,1,888.111111111,6145,48,2151.75,6089,298,0,1,446383428,-6300,1722.15828704,0,0,0,0,0,0,0,0,0,0,0,0,0,0,FALSE,-1.0,-1.0,-1.0,0.0475803674771,0.0781639016687,0.000821844961365,0.558282505177,0.999979856741,0.116585153612,0.0564639717672,0.073188516731,0.0344731732079,0.0648269805199,0.067496031778,0.000753357881251,1,7,17,1,5,5,0,3.2618905657,312.228930425,8559.37901519,3142.05059314,248222,0,5,8,1,0,2,1,1,6,24,1,10,6,2,3
TRUE,6f6a9a6c80f84a8c9f4d41eb63729c45d26dee92bda7d401d44b530117a4acd0,0,3,12,1,2,5,2,52,FALSE,0,1,0,1,0,0,1,51,133,0,425,86,2,82,0,1,2,5,12,0,4,3,0,2,0,840,21,0,30,0,2,87,1,1,1,0,1,219224011,-6420,845.771647377,0,17,41,2,0,15,9,-324262392,-1800,3,939723,0,4,6,1,0,1,1,437.928571429,5193,7,2189.33333333,5161,39,0,1,543486403,-4620,2096.78396219,0,0,0,0,0,0,0,0,0,0,0,0,0,0,FALSE,0.0009032564773,0.0009032564773,0.0009032564773,0.0483130175576,0.0884668409793,0.00289992869028,0.568288566675,0.999980984074,0.136596149275,0.0563655811742,0.0819111005467,0.0325742809603,0.0721337453451,0.0749702876159,0.00338483479914,1,9,21,2,6,6,0,4.46742571904,250.416666369,7011.66643294,2417.81606416,210350,0,4,7,1,0,2,1,1,6,26,1,11,7,2,3
TRUE,778c5033560030369495a403ce17bd4d03130be6b681e962f646566afc612112,0,4,12,1,2,4,2,58,FALSE,0,0,0,1,0,0,1,57,116,0,420,82,2,76,0,1,0,5,10,0,4,1,0,1,1,845,21,0,30,0,2,82,0,1,1,0,1,156540139,-10560,0.0,0,14,37,1,0,15,8,-351455620,-4920,2,809673,0,4,6,1,0,1,1,3224.375,13740,29,4307.66666667,11419,208,0,1,507995759,-5640,0.0,0,0,0,0,0,0,0,0,0,0,0,0,0,0,FALSE,-1.0,-1.0,-1.0,0.0894974672865,0.134652525816,0.0013619871616,0.59559866034,0.999972090427,0.191225230254,0.10261568518,0.127356963438,0.0701535026514,0.114563959438,0.119023164946,0.00111080100474,1,6,16,1,5,5,0,4.51952553726,212.011834069,5971.66646761,2184.75607092,179150,0,5,8,1,0,2,1,1,6,26,1,11,7,2,0
TRUE,7837e7da4caf2703f5e00ce0150c75a961a149bd5a38476044ce1855a075c0ca,0,4,12,1,2,4,2,58,FALSE,0,0,0,1,0,0,1,57,116,0,421,82,2,76,0,1,0,5,10,0,4,1,0,1,0,846,21,0,30,0,2,82,0,1,1,0,1,137709649,-10860,531.28722608,0,14,37,1,0,15,8,-362172948,-5100,2,809673,0,4,6,1,0,1,1,1141.0,8515,29,3333.66666667,8464,241,0,1,499882597,-5760,1928.55940201,0,0,0,0,0,0,0,0,0,0,0,0,0,0,FALSE,-1.0,-1.0,-1.0,0.07333854619,0.118277410537,0.00136111343542,0.58742085739,0.999972108331,0.174869606449,0.0862639109698,0.110986528324,0.0538476557052,0.0987446889614,0.102658076033,0.00111008841659,1,6,15,1,4,5,0,4.51662622375,211.89716287,5975.49980082,2186.15850992,179265,0,5,8,1,0,2,1,1,6,26,1,11,7,2,3
TRUE,7c393a2b1b9c6a022425cbfdfea4ba3144947d66e116ed5aff1267c40d8e718d,0,3,12,1,2,5,2,52,FALSE,0,1,0,1,0,0,1,51,132,0,424,86,2,82,0,1,2,5,12,0,4,2,0,1,0,837,21,0,30,0,2,86,0,1,1,0,1,219446225,-6420,634.971715856,0,16,40,2,0,15,9,-322170538,-1860,3,939723,0,4,6,1,0,1,1,963.466666667,13515,7,4960.33333333,13482,39,0,1,541616763,-4560,1567.17813368,0,0,0,0,0,0,0,0,0,0,0,0,0,0,FALSE,0.000649116822076,0.000649116822076,0.000649116822076,0.0872915863253,0.127511181866,0.00289496626488,0.587607080585,0.999976309605,0.175237851565,0.0956614200339,0.121015275567,0.0720661814874,0.109962600763,0.114097680237,0.003510916534,1,9,21,2,6,6,0,4.45248180578,252.157705792,7035.19976549,2454.13950635,211056,0,4,7,1,0,2,1,1,6,26,1,11,7,2,4
TRUE,81e7e8780dd2e3295fee4d541ab255c6727329c529472999e3be1c7c46e0154b,0,4,12,1,2,4,2,55,FALSE,0,0,0,1,0,0,1,54,111,0,400,79,2,71,0,1,0,5,10,0,4,1,0,1,0,795,21,0,29,0,2,79,0,1,1,0,1,197600328,-9960,762.346944444,0,14,35,1,0,13,8,-249018192,-3660,2,809673,0,4,6,1,0,1,1,876.444444444,6013,48,2127.25,5957,298,0,1,446618520,-6300,1723.06527778,0,0,0,0,0,0,0,0,0,0,0,0,0,0,FALSE,-1.0,-1.0,-1.0,0.04720287967,0.0778405448233,0.000822557427815,0.558137471926,0.999979839279,0.116295104574,0.0560895458596,0.0728285895156,0.0340796832347,0.0644744037397,0.0671311696847,0.000754010975497,1,7,17,1,5,5,0,3.26471833456,311.958490174,8551.96522235,3139.32907419,248007,0,5,8,1,0,2,1,1,6,24,1,10,6,2,3
TRUE,848e99fef20b630cd8534693bdb904a5c549e05ff9a5cccafef94c590234f249,0,4,12,1,2,4,2,58,FALSE,0,0,0,1,0,0,1,57,116,0,421,82,2,76,0,1,0,5,10,0,4,1,0,1,0,846,21,0,30,0,2,82,0,1,1,0,1,137430035,-10860,530.208468364,0,14,37,1,0,15,8,-362302994,-5100,2,809673,0,4,6,1,0,1,1,1123.875,8451,29,3288.0,8400,168,0,1,499733029,-5760,1927.98236497,0,0,0,0,0,0,0,0,0,0,0,0,0,0,FALSE,-1.0,-1.0,-1.0,0.0725964626596,0.117534815212,0.00136136404214,0.587054767006,0.999972103196,0.174137430816,0.0855154213533,0.110242590609,0.0530931976433,0.0980239763733,0.101912604892,0.00111029280486,1,6,15,1,4,5,0,4.51745782003,211.858155778,5974.39980085,2185.75607091,179232,0,5,8,1,0,2,1,1,6,26,1,11,7,2,3
TRUE,858b211c6718369b6ee79beffce51aeb994201d71cc19abb1530705345119389,0,4,12,1,2,4,2,55,FALSE,0,0,0,1,0,0,1,54,111,0,400,79,2,71,0,1,0,5,10,0,4,1,0,1,0,796,21,0,29,0,2,79,0,1,1,0,1,197510881,-9960,762.00185571,0,14,35,1,0,13,8,-249327177,-3660,2,809673,0,4,6,1,0,1,1,870.444444444,5927,48,2113.75,5871,298,0,1,446838058,-6300,1723.9122608,0,0,0,0,0,0,0,0,0,0,0,0,0,0,FALSE,-1.0,-1.0,-1.0,0.0470251019331,0.0776857703203,0.000823224619259,0.558095849172,0.999979822926,0.116211875419,0.0559171287217,0.0726697497236,0.0338894134928,0.0643163019347,0.0669677086108,0.000754622567654,1,7,17,1,5,5,0,3.26736640759,311.314069961,8545.0341881,3136.78477042,247806,0,5,8,1,0,2,1,1,6,24,1,10,6,2,3
TRUE,86c3202bf4c81f84b39a162bdf6576ca5d7316cd30759ae02bb52a88f2ba6fc1,0,4,12,1,2,4,2,57,FALSE,0,0,0,1,0,0,1,56,113,0,412,80,2,73,0,1,0,5,10,0,4,1,0,1,0,819,21,0,30,0,2,81,1,1,1,0,1,195765707,-10200,755.268931327,0,14,36,1,0,14,8,-268810985,-4200,2,809673,0,4,6,1,0,1,1,1865.11111111,9738,48,4359.5,9685,291,0,1,464576692,-6000,1792.34834877,0,0,0,0,0,0,0,0,0,0,0,0,0,0,FALSE,-1.0,-1.0,-1.0,0.0897320702251,0.124331445822,0.000889951401673,0.583552912846,0.999978187466,0.167127638226,0.100150506487,0.118804149617,0.075689494211,0.108313629344,0.112447977106,0.000815788784867,1,6,16,1,5,5,0,3.53220402572,279.885225543,7640.86641197,2829.95058235,229226,0,5,8,1,0,2,1,1,6,24,1,10,6,2,3
TRUE,872e8e3fbe08da480922fe1493e1696707d8f456e3f0b38a03d6a74943da0fca,0,4,12,1,2,4,2,58,FALSE,0,0,0,1,0,0,1,57,116,0,421,82,2,76,0,1,0,5,10,0,4,1,0,1,0,846,21,0,30,0,2,82,0,1,1,0,1,137586011,-10860,530.810227623,0,14,37,1,0,15,8,-362126846,-5100,2,809673,0,4,6,1,0,1,1,1151.0,8668,29,3360.33333333,8617,168,0,1,499712857,-5760,1927.9045409,0,0,0,0,0,0,0,0,0,0,0,0,0,0,FALSE,-1.0,-1.0,-1.0,0.0738043857176,0.11876342736,0.00136156915265,0.587673335007,0.999972098993,0.175374571022,0.0867392092855,0.111470104071,0.0543121006668,0.0992092854552,0.103138863313,0.00111046008761,1,6,15,1,4,5,0,4.5181384448,211.826240884,5973.49980088,2185.42680262,179205,0,5,8,1,0,2,1,1,6,26,1,11,7,2,3
TRUE,8dedc8143e9b187dfa5c3365b4bd3a904a98c53eb45903c4aab2f81c337789e3,0,5,14,2,2,5,2,53,FALSE,0,1,0,1,0,0,1,52,141,0,445,95,2,87,0,1,2,5,12,0,4,0,0,1,0,874,24,0,30,0,2,96,1,1,1,0,1,307307017,-4440,592.799029707,0,16,38,2,0,13,9,-336703584,-1260,3,939723,0,4,6,1,0,1,1,746.473684211,9179,34,1402.9,9108,26,0,1,644010601,-3180,1242.30440008,0,0,0,0,0,0,0,0,0,0,0,0,0,0,FALSE,0.01968892261,0.01968892261,0.01968892261,0.0702639699326,0.103797420334,0.011217754173,0.571727996965,0.999984825493,0.143471168437,0.0773479387962,0.0984446130501,0.0575834597876,0.0896952453212,0.0927693474962,0.0113277693475,1,6,15,1,4,5,0,3.56495827011,301.601830319,8786.66637378,2745.83330473,263600,0,0,4,2,1,2,1,1,10,31,2,11,8,2,6
TRUE,8ece414d9c32a918ce614de3c7c7feba216fc66f417ff65440b5166b50954954,0,6,14,2,2,4,2,52,FALSE,0,0,0,1,0,0,1,51,111,0,389,76,2,70,0,1,1,5,11,0,4,2,0,1,0,773,20,0,29,0,2,76,0,1,1,0,1,201038308,-9240,775.610756173,0,17,41,2,0,15,9,-284194065,-3600,3,874698,0,6,7,2,0,1,0,800.555555556,5918,39,923.0,1216,630,0,1,485232373,-5640,1872.03847608,0,0,0,0,0,0,0,0,0,0,0,0,0,0,FALSE,-1.0,-1.0,-1.0,0.0511965985305,0.085604379759,0.00389322244394,0.564410272153,0.999981394397,0.12883914991,0.058830494076,0.079897111015,0.0360530073632,0.070605055816,0.0735619031671,0.000120936420003,1,7,17,1,5,5,0,4.06857095014,278.122897441,7413.41353747,2828.80259436,214989,0,5,9,1,1,2,1,1,8,29,2,11,7,3,3
TRUE,8f1a4fdf2d7cd7e5bc03dd0e297d85eef0509f2233522b7508fe380b46c92606,0,4,12,1,2,4,2,58,FALSE,0,0,0,1,0,0,1,57,116,0,421,82,2,76,0,1,0,5,10,0,4,1,0,1,0,846,21,0,30,0,2,82,0,1,1,0,1,137577611,-10860,530.777820216,0,14,37,1,0,15,8,-362320691,-5100,2,809673,0,4,6,1,0,1,1,1118.125,8332,29,3272.66666667,8281,241,0,1,499898302,-5760,1928.61999228,0,0,0,0,0,0,0,0,0,0,0,0,0,0,FALSE,-1.0,-1.0,-1.0,0.072320569428,0.117242187108,0.00136094641552,0.586899775221,0.999972111754,0.173827438688,0.0852326158617,0.109952199546,0.0528203383402,0.0977458860189,0.101624769225,0.00110995219955,1,6,15,1,4,5,0,4.5160719963,211.923167598,5976.23313413,2186.4268026,179287,0,5,8,1,0,2,1,1,6,26,1,11,7,2,3
TRUE,92049c4e9b0910a1b54f3a2986d54473e550ba0e876b7895c5f07c101f5790c5,0,4,12,1,2,4,2,58,FALSE,0,0,0,1,0,0,1,57,116,0,421,82,2,76,0,1,0,5,10,0,4,1,0,1,0,846,21,0,30,0,2,82,0,1,1,0,1,137640132,-10860,531.019027778,0,14,37,1,0,15,8,-362064368,-5100,2,809673,0,4,6,1,0,1,1,1160.625,8745,29,3386.0,8694,168,0,1,499704500,-5760,1927.87229938,0,0,0,0,0,0,0,0,0,0,0,0,0,0,FALSE,-1.0,-1.0,-1.0,0.0742336790577,0.119200419657,0.00136165273391,0.587893567865,0.99997209728,0.17581503845,0.0871742357445,0.11190664866,0.0547451365559,0.0996307540059,0.103574896481,0.00111052825429,1,6,15,1,4,5,0,4.51841579517,211.81323852,5973.13313423,2185.29265628,179194,0,5,8,1,0,2,1,1,6,26,1,11,7,2,3
TRUE,9418e6e9a9de9be4a10f3af45489a016f47bb361e7d0954939f9d663bf646f0e,0,3,11,1,2,4,2,64,FALSE,0,0,0,1,0,0,1,63,123,0,459,86,2,83,0,1,0,6,11,0,4,2,0,1,0,921,27,0,29,0,2,87,1,1,0,0,1,490059311,-4800,0.0,0,16,40,1,0,13,11,-101632526,-5040,2,813898,0,4,6,1,0,1,1,252.555555556,1808,24,1097.66666667,1751,174,0,1,591691837,240,0.0,0,0,0,0,0,0,0,0,0,0,0,0,0,0,FALSE,-1.0,-1.0,-1.0,0.253941457263,0.574528408876,0.102710467622,0.989868823952,0.989982232639,0.989755415265,0.356034544973,0.522398215703,0.101614183646,0.439694604745,0.458738139341,0.00650209806071,0,4,10,1,3,3,0,30.7677012059,28.7220412283,912.172382339,304.057467769,26453,0,4,6,1,0,1,1,1,5,27,1,12,8,2,0
TRUE,9714e7823797c6c4326c7ca8169651168f971563a4d164bddbbf117639a47d55,0,4,12,1,2,4,2,58,FALSE,0,0,0,1,0,0,1,57,116,0,421,82,2,76,0,1,0,5,10,0,4,1,0,1,0,846,21,0,30,0,2,82,0,1,1,0,1,137518688,-10860,530.550493827,0,14,37,1,0,15,8,-362203638,-5100,2,809673,0,4,6,1,0,1,1,1139.25,8574,29,3329.0,8523,168,0,1,499722326,-5760,1927.94107253,0,0,0,0,0,0,0,0,0,0,0,0,0,0,FALSE,-1.0,-1.0,-1.0,0.0732813777916,0.118231631104,0.00136148558164,0.587405700384,0.999972100705,0.174839300062,0.0862093786269,0.110938755468,0.0537842603339,0.0986961729607,0.102608026069,0.00111039192929,1,6,15,1,4,5,0,4.51786112847,211.839243248,5973.86646754,2185.56094896,179216,0,5,8,1,0,2,1,1,6,26,1,11,7,2,3
TRUE,9826786cc62c5dfe010aa6c2212768b6557feebc534662ee97e887f5816d9322,0,4,12,1,2,4,2,57,FALSE,0,0,0,1,0,0,1,56,115,0,416,82,2,75,0,1,0,5,10,0,4,1,0,1,0,835,21,0,30,0,2,82,0,1,1,0,1,151832403,-10440,585.773159722,0,14,36,1,0,14,8,-328704703,-4800,2,809673,0,4,6,1,0,1,1,3729.3,27459,29,9488.0,27394,168,0,1,480537106,-5640,1853.92402006,0,0,0,0,0,0,0,0,0,0,0,0,0,0,FALSE,-1.0,-1.0,-1.0,0.218324248901,0.263551251872,0.00134282045795,0.658492938155,0.999973250588,0.317012625722,0.233287502675,0.25664455382,0.202680291034,0.240011056423,0.248774876953,0.00106462657822,1,6,16,1,5,5,0,4.33165525358,223.856287157,6230.66645898,2279.51216732,186920,0,5,8,1,0,2,1,1,6,24,1,10,6,2,3
TRUE,9bb4838812842ce4bcda9309b73a05374393542a18982367d6c09214f2edb80d,0,5,14,2,2,5,2,53,FALSE,0,1,0,1,0,0,1,52,141,0,445,95,2,87,0,1,2,5,12,0,4,0,0,1,0,874,24,0,30,0,2,95,0,1,1,0,1,307258456,-4440,592.705354938,0,16,38,2,0,13,9,-336694313,-1260,3,939723,0,4,6,1,0,1,1,748.263157895,9213,34,1405.5,9142,26,0,1,643952769,-3180,1242.19284144,0,0,0,0,0,0,0,0,0,0,0,0,0,0,FALSE,0.0196928073823,0.0196928073823,0.0196928073823,0.0704053558428,0.1039165541,0.0112199675201,0.571791476316,0.999984822499,0.143598130132,0.0774922088829,0.0985930456691,0.0577238301941,0.0898376513323,0.0929166603427,0.0113300044015,1,6,15,1,4,5,0,3.56566166315,301.542333751,8784.9330405,2774.18944448,263548,0,0,4,2,1,2,1,1,10,31,2,11,8,2,6
TRUE,9eb3d65f32afad825e1cb6105e12df57f6d0c5d88f5c032189a8658ca8f6972a,0,3,12,1,2,5,2,52,FALSE,0,1,0,1,0,0,1,51,136,0,430,88,2,84,0,1,2,5,12,0,4,3,0,2,0,850,21,0,30,0,2,89,1,1,1,0,1,213827052,-6540,824.950046296,0,17,40,2,0,14,9,-321035270,-1800,3,939723,0,4,6,1,0,1,1,164.642857143,1349,7,913.333333333,1400,44,0,1,534862322,-4740,2063.51204475,0,0,0,0,0,0,0,0,0,0,0,0,0,0,FALSE,0.000910480431747,0.000910480431747,0.000910480431747,0.0301550346125,0.0705457221572,0.00281635656867,0.559483149036,0.999981129939,0.118985168132,0.0382279912191,0.0638893082236,0.0142752009661,0.0546980161276,0.0569356908329,0.00321262784466,1,9,21,2,6,6,0,4.43315752727,249.383529118,7065.86643114,2381.75278223,211976,0,4,7,1,0,2,1,1,6,26,1,11,7,2,3
TRUE,a016e1ed36c0f93e8ff603a7907de9d56a356ab31c8ad2a36397a3dc0cd0c61d,0,4,12,1,2,4,2,57,FALSE,0,0,0,1,0,0,1,56,113,0,412,80,2,73,0,1,0,5,10,0,4,1,0,1,0,819,21,0,30,0,2,81,1,1,1,0,1,195738005,-10200,755.162056327,0,14,36,1,0,14,8,-268816325,-4200,2,809673,0,4,6,1,0,1,1,1852.11111111,9643,48,4330.25,9590,291,0,1,464554330,-6000,1792.26207562,0,0,0,0,0,0,0,0,0,0,0,0,0,0,FALSE,-1.0,-1.0,-1.0,0.0892036373544,0.123784311844,0.000889687475468,0.583273003219,0.999978193934,0.166567812503,0.0996105436688,0.118258654827,0.0751567856115,0.107788254381,0.111904367319,0.000815546852512,1,7,17,1,5,5,0,3.53115650649,279.968253626,7643.13307856,2830.79008851,229294,0,5,8,1,0,2,1,1,6,24,1,10,6,2,3
TRUE,a2b7e4cfc411ad1ffed6fa3d0dcd01ab549a36d3874788aed3182b0669862088,0,3,12,1,2,5,2,52,FALSE,0,1,0,1,0,0,1,51,132,0,424,86,2,82,0,1,2,5,12,0,4,2,0,1,0,837,21,0,30,0,2,86,0,1,1,0,1,219386150,-6420,634.797887731,0,16,40,2,0,15,9,-322246373,-1860,3,939723,0,4,6,1,0,1,1,954.4,13379,7,4915.0,13346,39,0,1,541632523,-4560,1567.22373553,0,0,0,0,0,0,0,0,0,0,0,0,0,0,FALSE,0.000649187567821,0.000649187567821,0.000649187567821,0.0866636559417,0.126880630044,0.00289528178057,0.587294404193,0.999976307023,0.174612501362,0.095027396979,0.12038401577,0.0714295868419,0.109351617993,0.113465666507,0.0035112991807,1,9,21,2,6,6,0,4.4529670715,252.1302267,7034.43309885,2453.87206449,211033,0,4,7,1,0,2,1,1,6,26,1,11,7,2,4
TRUE,a555439c89f8c3d955994562711787c76ea93ca29604a85e429288bfd1cfe113,0,4,12,1,2,4,2,58,FALSE,0,0,0,1,0,0,1,57,116,0,421,82,2,76,0,1,0,5,10,0,4,1,0,1,0,846,21,0,30,0,2,82,0,1,1,0,1,137406872,-10860,530.119104938,0,14,37,1,0,15,8,-362328736,-5100,2,809673,0,4,6,1,0,1,1,1119.875,8419,29,3277.33333333,8368,168,0,1,499735608,-5760,1927.99231481,0,0,0,0,0,0,0,0,0,0,0,0,0,0,FALSE,-1.0,-1.0,-1.0,0.0724183590991,0.117353656631,0.00136133366065,0.586963556428,0.999972103818,0.173955009038,0.0853349773483,0.110061594769,0.0529134772032,0.0978492044009,0.101731794952,0.00111026802651,1,6,15,1,4,5,0,4.51735700417,211.86288391,5974.53313418,2185.80485139,179236,0,5,8,1,0,2,1,1,6,26,1,11,7,2,3
TRUE,a5caa3599cabd7aa1f24b47e70353ea72f751ea0f58f9025c973d395c86358dd,0,6,14,2,2,4,2,52,FALSE,0,0,0,1,0,0,1,51,111,0,389,76,2,70,0,1,1,5,11,0,4,2,0,1,0,773,20,0,29,0,2,76,0,1,1,0,1,201081648,-9240,775.777962963,0,17,41,2,0,15,9,-284179979,-3600,3,874698,0,6,7,2,0,1,0,806.222222222,5969,39,923.0,1216,630,0,1,485261627,-5640,1872.15133873,0,0,0,0,0,0,0,0,0,0,0,0,0,0,FALSE,-1.0,-1.0,-1.0,0.0514333215714,0.0858431983627,0.00389329488104,0.564530083494,0.999981394051,0.129078772938,0.0590688145262,0.0801358234295,0.0362909040166,0.0708354151412,0.0738004977091,0.00012093867014,1,7,17,1,5,5,0,4.06864664977,278.117722797,7413.27560644,2828.74996278,214985,0,5,9,1,1,2,1,1,8,29,2,11,7,3,3
TRUE,ae272e9d95c342f316864e0957a3ea1c8e20eadf21f8a0eb9ee7997df4086f3d,0,5,13,1,2,4,2,53,FALSE,0,0,0,1,0,0,1,52,117,0,408,78,2,73,0,1,1,5,11,0,4,2,0,1,0,800,19,0,32,0,2,79,1,1,1,0,1,111893844,-10020,431.689212963,0,21,44,2,0,14,9,-322867967,-4380,3,874698,0,11,13,2,0,2,0,661.3,11929,5,6551.5,11847,1256,0,1,434761811,-5640,1677.3218017,0,0,0,0,0,0,0,0,0,0,0,0,0,0,FALSE,-1.0,-1.0,-1.0,0.0923614230464,0.132973339622,0.00321662683419,0.591676514385,0.999984102339,0.183368926431,0.10175852223,0.126259227268,0.0750740566063,0.100127115051,0.118925106117,0.000148378173571,1,7,17,1,5,5,0,4.6352175595,235.883749705,5897.09356572,2388.69617229,188707,0,6,10,1,1,2,1,1,16,36,2,12,6,2,3
TRUE,aec11c60c213ed23b6ee98bdc95c9335a915000987e3197ecc244df3f3a7e4fa,0,4,12,1,2,4,2,59,FALSE,0,0,0,1,0,0,1,58,115,0,418,80,2,76,0,1,0,5,10,0,4,2,0,1,0,842,22,0,30,0,2,80,0,1,0,0,1,171210558,-8820,0.0,0,13,36,1,0,15,8,-369507660,-4980,2,809673,0,4,6,1,0,1,1,519.142857143,3421,25,2307.5,3335,1280,0,1,540718218,-3840,0.0,0,0,0,0,0,0,0,0,0,0,0,0,0,0,FALSE,-1.0,-1.0,-1.0,0.044100029891,0.0881879662867,0.0234226428258,0.572473471592,0.999971868073,0.144975075112,0.055971845567,0.0809243026095,0.0232594776464,0.0694427252711,0.0723553174969,0.000967738305558,1,6,15,1,4,5,0,4.55553242486,211.085510438,5924.46646918,2221.67497223,177734,0,5,8,1,0,2,1,1,5,23,1,10,7,1,0
TRUE,aef32a32a0cf1311c72ed8422560d9b0ea5aa220f68c665f148efcc68b34eeea,0,4,12,1,2,4,2,57,FALSE,0,0,0,1,0,0,1,56,113,0,412,80,2,73,0,1,0,5,10,0,4,1,0,1,0,819,21,0,30,0,2,81,1,1,1,0,1,195475353,-10200,754.148738426,0,14,36,1,0,14,8,-269209103,-4200,2,809673,0,4,6,1,0,1,1,1785.33333333,9262,48,4180.0,9209,291,0,1,464684456,-6000,1792.76410494,0,0,0,0,0,0,0,0,0,0,0,0,0,0,FALSE,-1.0,-1.0,-1.0,0.0865718109586,0.121091400427,0.000889160092403,0.581913873513,0.99997820686,0.163849540165,0.0969319618184,0.115569018873,0.0724926992983,0.105192142847,0.109218498017,0.000815063418036,1,7,17,1,5,5,0,3.52906333086,280.134309792,7647.66641174,2832.46910083,229430,0,5,8,1,0,2,1,1,6,24,1,10,6,2,3
TRUE,b1bfb62c66d2877107a4753c70f5cea59492057765fd2d3d073adc38821ae08c,0,4,12,1,2,4,2,57,FALSE,0,0,0,1,0,0,1,56,113,0,411,80,2,73,0,1,0,5,10,0,4,1,0,1,0,818,21,0,30,0,2,81,1,1,1,0,1,196118131,-10200,756.628591821,0,14,36,1,0,14,8,-267340288,-4140,2,809673,0,4,6,1,0,1,1,1826.22222222,9484,48,4271.75,9431,291,0,1,463458419,-6060,1788.03402392,0,0,0,0,0,0,0,0,0,0,0,0,0,0,FALSE,-1.0,-1.0,-1.0,0.0877725597065,0.122119715682,0.000885239926056,0.582312125183,0.999978302943,0.164645947424,0.0980841498659,0.116621681435,0.073769993838,0.106238482479,0.110299159022,0.000811469932218,1,7,17,1,5,5,0,3.51350424828,281.718826061,7681.53307728,2845.01231056,230446,0,5,8,1,0,2,1,1,6,24,1,10,6,2,3
TRUE,b4f13b4a329782a1f780d48a98e4b637621f82fc1660b00fe7b31397af8caa5d,0,4,12,1,2,4,2,57,FALSE,0,0,0,1,0,0,1,56,113,0,412,80,2,73,0,1,0,5,10,0,4,1,0,1,0,819,21,0,30,0,2,81,1,1,1,0,1,195746929,-10200,755.19648534,0,14,36,1,0,14,8,-268881144,-4200,2,809673,0,4,6,1,0,1,1,1866.77777778,9771,48,4363.25,9718,291,0,1,464628073,-6000,1792.54657793,0,0,0,0,0,0,0,0,0,0,0,0,0,0,FALSE,-1.0,-1.0,-1.0,0.0898158740752,0.124424566379,0.000890149449111,0.583604232573,0.999978182612,0.167230282535,0.100238245882,0.118896040144,0.0757717901167,0.1084010036,0.112538453147,0.000815970328352,1,6,16,1,5,5,0,3.53299007309,279.822954481,7639.16641203,2829.32095272,229175,0,5,8,1,0,2,1,1,6,24,1,10,6,2,3
TRUE,b83b6fb9bd1ac571c5f9e68ada81f6272fdf0982a742dd732cda4dca0c845832,0,3,12,1,2,5,2,52,FALSE,0,1,0,1,0,0,1,51,132,0,424,86,2,82,0,1,2,5,12,0,4,3,0,2,0,837,21,0,30,0,2,86,0,1,1,0,1,221818411,-6420,855.780906636,0,17,41,2,0,15,9,-323251461,-1860,3,939723,0,4,6,1,0,1,1,657.0,8260,7,3209.0,8228,39,0,1,545069872,-4560,2102.89302469,0,0,0,0,0,0,0,0,0,0,0,0,0,0,FALSE,0.000935364863517,0.000935364863517,0.000935364863517,0.0626702716026,0.102728701457,0.00292954376036,0.575294497491,0.999985755865,0.150603239116,0.070789789804,0.0962191317725,0.0471290945953,0.0859747498967,0.0892869860835,0.00341384434959,1,9,21,2,6,6,0,4.46184708446,251.628434586,7020.43309932,2448.98834362,210613,0,4,7,1,0,2,1,1,6,26,1,11,7,2,3
TRUE,bd05b5e8c1f344f9737c135c47159443c8acc3720b68429cf44702a0998bdf02,0,4,12,1,2,4,2,58,FALSE,0,0,0,1,0,0,1,57,116,0,421,82,2,76,0,1,0,5,10,0,4,1,0,1,0,846,21,0,30,0,2,82,0,1,1,0,1,137422076,-10860,530.177762346,0,14,37,1,0,15,8,-362311850,-5100,2,809673,0,4,6,1,0,1,1,1122.5,8440,29,3284.33333333,8389,168,0,1,499733926,-5760,1927.98582562,0,0,0,0,0,0,0,0,0,0,0,0,0,0,FALSE,-1.0,-1.0,-1.0,0.0725353904258,0.117472786819,0.00136135644664,0.587023594985,0.999972103352,0.174075086619,0.0854535716079,0.110180602902,0.0530315287921,0.0979641025927,0.101850663661,0.00111028661017,1,6,15,1,4,5,0,4.51743261565,211.859337811,5974.43313419,2185.76826603,179233,0,5,8,1,0,2,1,1,6,26,1,11,7,2,3
TRUE,c27210113079771605cffbd89fe1015f940d7133bfb5b073705318d4024dce3d,0,4,12,1,2,4,2,58,FALSE,0,0,0,1,0,0,1,57,116,0,421,82,2,76,0,1,0,5,10,0,4,1,0,1,0,846,21,0,30,0,2,82,0,1,1,0,1,137663074,-10860,531.10753858,0,14,37,1,0,15,8,-362037684,-5100,2,809673,0,4,6,1,0,1,1,1164.75,8778,29,3397.0,8727,168,0,1,499700758,-5760,1927.85786265,0,0,0,0,0,0,0,0,0,0,0,0,0,0,FALSE,-1.0,-1.0,-1.0,0.0744173814092,0.119387242592,0.00136168312964,0.587987610916,0.999972096657,0.176003125174,0.0873603437692,0.112093308778,0.0549305206764,0.099811001358,0.103761370612,0.00111055304425,1,6,15,1,4,5,0,4.5185166583,211.808510388,5972.9998009,2185.24387579,179190,0,5,8,1,0,2,1,1,6,26,1,11,7,2,3
TRUE,c4c4e7a0bde01d436f85322cd1a76d63e14d31292f7d091fb480d8cc6b7b8f67,0,4,12,1,2,4,2,55,FALSE,0,0,0,1,0,0,1,54,111,0,400,79,2,71,0,1,0,5,10,0,4,1,0,1,0,796,21,0,29,0,2,79,0,1,1,0,1,197511902,-9960,762.005794753,0,14,35,1,0,13,8,-249416237,-3660,2,809673,0,4,6,1,0,1,1,873.111111111,5930,48,2119.75,5874,298,0,1,446928139,-6300,1724.25979552,0,0,0,0,0,0,0,0,0,0,0,0,0,0,FALSE,-1.0,-1.0,-1.0,0.0471356816913,0.0778080532849,0.000823493793521,0.558163285902,0.999979816329,0.116346755475,0.0560322938743,0.0727903925724,0.0339973761227,0.0644308726654,0.067086487032,0.000754869310728,1,7,17,1,5,5,0,3.26843475628,311.212311167,8542.24108475,3135.75945398,247725,0,5,8,1,0,2,1,1,6,24,1,10,6,2,3
TRUE,c558420dc6c94bba7b2ee98089da9122021f86bc20b1c78657c1e01a83fcf42e,0,4,12,1,2,4,2,52,FALSE,0,0,0,1,0,0,1,51,110,0,389,76,2,70,0,1,1,5,11,0,4,2,0,1,0,772,19,0,30,0,2,77,1,1,1,0,1,178609248,-10500,516.809166667,0,17,42,2,0,16,9,-268097259,-4320,3,874698,0,4,6,1,0,1,1,734.6,6497,29,2554.0,6424,30,0,1,446706507,-6180,1292.55355035,0,0,0,0,0,0,0,0,0,0,0,0,0,0,FALSE,-1.0,-1.0,-1.0,0.0512713933978,0.0857060235655,0.00136784463488,0.564107389574,0.999986229752,0.128228549396,0.0594019289196,0.0801107127939,0.0369914762165,0.0711300630524,0.0739645921023,0.00197373554698,1,8,19,2,5,6,0,4.014936129,282.20336751,7262.03309127,2829.36359962,217861,0,5,8,1,0,2,1,1,5,24,1,11,6,2,4
TRUE,c649a9a92c192d7e2cfebf8dcb94c788e569379017aab68e55b2dfbcded5b244,0,4,12,1,2,4,2,57,FALSE,0,0,0,1,0,0,1,56,113,0,411,80,2,73,0,1,0,5,10,0,4,1,0,1,0,818,21,0,30,0,2,81,1,1,1,0,1,195443387,-10200,754.025412809,0,14,36,1,0,14,8,-268408392,-4140,2,809673,0,4,6,1,0,1,1,1676.55555556,8721,48,3935.0,8668,291,0,1,463851779,-6060,1789.55161651,0,0,0,0,0,0,0,0,0,0,0,0,0,0,FALSE,-1.0,-1.0,-1.0,0.0819455634389,0.116175214509,0.000884483812646,0.579321722315,0.999978321475,0.158665123156,0.0921601782842,0.11068187632,0.0678667898007,0.100502219158,0.104364754187,0.000810776828258,1,7,17,1,5,5,0,3.51050324528,281.959657357,7688.09974373,2847.44440929,230643,0,5,8,1,0,2,1,1,6,24,1,10,6,2,3
TRUE,cc24ced7ccfe459b23d6cf32ebc6819afc1b73fceb31b4adbc87e0e79db85840,0,2,11,1,3,5,1,63,FALSE,0,1,0,0,0,0,1,62,131,0,465,85,2,86,0,1,0,6,11,0,4,3,0,2,0,922,28,0,29,1,2,85,0,1,1,0,1,752284174,-2400,0.0,0,18,46,1,0,15,13,-256938773,-1980,2,813898,0,4,6,1,0,1,1,97.3333333333,242,5,1315.0,1360,1270,0,1,1009222947,-420,0.0,0,0,0,0,0,0,0,0,0,0,0,0,0,0,FALSE,0.00716899410052,0.00716899410052,0.00716899410052,0.25590776079,0.581248599806,0.0232992308267,0.989993279068,0.990105294601,0.989881263535,0.365907223984,0.530057501307,0.111231424091,0.46385632141,0.467515495482,0.460197147338,0,2,3,2,0,1,0,30.3897393772,29.0477223112,923.517209534,315.082349234,26782,0,2,3,1,0,1,0,1,6,31,1,12,10,3,0
TRUE,cc2b313adf99f6a867d148565e19ba6440ff5ca75d24c6a6a2792bcd238728ef,0,4,12,1,2,4,2,58,FALSE,0,0,0,1,0,0,1,57,116,0,420,82,2,76,0,1,0,5,10,0,4,1,0,1,1,845,21,0,30,0,2,82,0,1,1,0,1,156610718,-10560,0.0,0,14,37,1,0,15,8,-351410864,-4920,2,809673,0,4,6,1,0,1,1,3232.625,13764,29,4321.66666667,11443,226,0,1,508021582,-5640,0.0,0,0,0,0,0,0,0,0,0,0,0,0,0,0,FALSE,-1.0,-1.0,-1.0,0.0897252062746,0.134880943078,0.00136192634434,0.595711606515,0.999972091673,0.191451121357,0.102845532993,0.127585706471,0.0703848000089,0.11478545939,0.11925228011,0.00111075140379,1,6,16,1,5,5,0,4.51932372543,212.021301524,5971.93313427,2184.85363189,179158,0,5,8,1,0,2,1,1,6,26,1,11,7,2,0
TRUE,cc8a1ffda90dc12af2007861cf8510f58b3148738e93dbae7fd1fc6ad5957153,0,5,13,1,2,4,2,55,FALSE,0,0,0,1,0,0,1,54,112,0,400,79,2,72,0,1,0,5,10,0,4,1,0,1,0,803,20,0,29,0,2,80,1,1,1,0,1,152578429,-10260,588.651346451,0,13,34,1,0,13,8,-312349626,-4080,2,809673,0,4,6,1,0,1,1,780.0,5881,29,2120.75,5830,282,0,1,464928055,-6180,1793.7039159,0,0,0,0,0,0,0,0,0,0,0,0,0,0,FALSE,-1.0,-1.0,-1.0,0.0543987994643,0.0904160485913,0.00116049995087,0.567699729997,0.999976602824,0.13542285717,0.0648878573334,0.0845620750488,0.039040528589,0.0748356267676,0.077917276943,0.000931207621864,1,7,17,1,5,5,0,3.78881240612,266.12826866,7368.9997459,2671.26246661,213701,0,5,8,1,0,2,1,1,7,26,1,10,7,2,3
TRUE,d55c5d206e5c1e87fade63f785ec1c0589af3ea74e797c6bc1d4aa971d554789,0,4,12,1,2,4,2,57,FALSE,0,0,0,1,0,0,1,56,113,0,411,80,2,73,0,1,0,5,10,0,4,1,0,1,0,818,21,0,30,0,2,81,1,1,1,0,1,195527778,-10200,754.35099537,0,14,36,1,0,14,8,-268165397,-4140,2,809673,0,4,6,1,0,1,1,1680.11111111,8681,48,3943.0,8628,291,0,1,463693175,-6060,1788.93971836,0,0,0,0,0,0,0,0,0,0,0,0,0,0,FALSE,-1.0,-1.0,-1.0,0.0820267456381,0.116214775687,0.000883993222719,0.579329725139,0.999978333499,0.158681116778,0.0922303929003,0.110724484446,0.0679678122468,0.100547006917,0.104410866183,0.000810327120825,1,7,17,1,5,5,0,3.50855610107,282.116136574,7692.36641025,2849.02465618,230771,0,5,8,1,0,2,1,1,6,24,1,10,6,2,3
TRUE,d9af87ac5918afbe63bc319e7772ae33eb3de13ca76603dc2e48038b39103513,0,4,11,1,2,4,1,56,FALSE,0,0,0,1,0,0,1,55,109,0,405,81,2,72,0,2,0,6,13,0,5,1,0,1,0,805,24,0,29,0,2,81,0,1,1,0,1,1187261435,-3180,6870.72589699,1,20,43,1,0,11,12,144852460,-5880,2,1602443,0,4,6,1,0,1,1,15186.8,75750,33,38506.0,75716,1296,0,1,1042408975,2700,6032.45934606,0,0,0,0,0,0,0,0,0,0,0,0,0,0,FALSE,-1.0,-1.0,-1.0,0.818953957025,0.897031368607,0.782861128777,0.997230371541,0.99726114519,0.997199597891,0.835627679872,0.883624315286,0.782276429436,0.837510885736,0.868370842993,0.000574441458261,0,2,4,1,1,1,0,16.4376731018,121.100620968,3361.58609098,1203.53084934,97486,0,3,6,1,1,1,1,1,9,32,1,12,8,3,2
TRUE,d9de2655a9b3b5c959ff67e9b64056e6171cabcd8eb8c0c57b3e8f7db1647a68,0,4,12,1,2,4,2,57,FALSE,0,0,0,1,0,0,1,56,113,0,412,80,2,73,0,1,0,5,10,0,4,1,0,1,0,819,21,0,30,0,2,81,1,1,1,0,1,195406102,-10200,753.881566358,0,14,36,1,0,14,8,-269391417,-4200,2,809673,0,4,6,1,0,1,1,1779.88888889,9273,48,4167.75,9220,291,0,1,464797519,-6000,1793.20030478,0,0,0,0,0,0,0,0,0,0,0,0,0,0,FALSE,-1.0,-1.0,-1.0,0.086389838994,0.120918936831,0.000889462485612,0.581834908786,0.999978199449,0.163691618124,0.0967512818724,0.115394677177,0.0723037078377,0.105021393607,0.109041996582,0.000815340611811,1,7,17,1,5,5,0,3.53026352506,280.039071697,7645.06641183,2831.50613788,229352,0,5,8,1,0,2,1,1,6,24,1,10,6,2,3
TRUE,dc675d521d6b258393779845ccfbbcf5f6ee6d78df3365e5874a93f750a19027,0,4,12,1,2,4,2,57,FALSE,0,0,0,1,0,0,1,56,113,0,411,80,2,73,0,1,0,5,10,0,4,1,0,1,0,817,21,0,30,0,2,81,1,1,1,0,1,196025640,-10200,756.271759259,0,14,36,1,0,14,8,-267409476,-4140,2,809673,0,4,6,1,0,1,1,1792.88888889,9266,48,4196.75,9213,291,0,1,463435116,-6060,1787.94412037,0,0,0,0,0,0,0,0,0,0,0,0,0,0,FALSE,-1.0,-1.0,-1.0,0.0864250509109,0.120706179286,0.000884675597264,0.581570125719,0.999978316775,0.163161934664,0.0967032824067,0.115211649963,0.0724219729133,0.104879593049,0.108893158075,0.000810952630826,1,7,17,1,5,5,0,3.51126443561,282.243573706,7686.43307712,2846.82712535,230593,0,5,8,1,0,2,1,1,6,24,1,10,6,2,3
TRUE,dccb1f8d55f595ea03ca73dbb5aad4f941d2d6cfc9fc832cdecc2b2d99f5738e,0,4,12,1,2,4,2,55,FALSE,0,0,0,1,0,0,1,54,111,0,400,79,2,71,0,1,0,5,10,0,4,1,0,1,0,795,21,0,29,0,2,79,0,1,1,0,1,197435761,-9960,761.712040895,0,14,35,1,0,13,8,-249180284,-3660,2,809673,0,4,6,1,0,1,1,856.555555556,5869,48,2084.0,5816,291,0,1,446616045,-6300,1723.05572917,0,0,0,0,0,0,0,0,0,0,0,0,0,0,FALSE,-1.0,-1.0,-1.0,0.04649445616,0.0771256325987,0.000822630401032,0.557781720669,0.99997983749,0.115583603847,0.0553727039942,0.0721132326552,0.0333608887634,0.0637831960081,0.0664153073775,0.000754077867613,1,7,17,1,5,5,0,3.26500796419,311.930817218,8551.20660168,3139.05059318,247985,0,5,8,1,0,2,1,1,6,24,1,10,6,2,3
TRUE,ddd439ba90d4eaa7e5e4b9e26bcfe3213bcf53a24dfb36394f40fcc4624a1aed,0,4,12,1,2,4,2,57,FALSE,0,0,0,1,0,0,1,56,113,0,411,80,2,73,0,1,0,5,10,0,4,1,0,1,0,817,21,0,30,0,2,81,1,1,1,0,1,196450072,-10200,757.909228395,0,14,36,1,0,14,8,-267099484,-4140,2,809673,0,4,6,1,0,1,1,1825.22222222,9426,48,4269.5,9373,404,0,1,463549556,-6060,1788.38563272,0,0,0,0,0,0,0,0,0,0,0,0,0,0,FALSE,-1.0,-1.0,-1.0,0.087635245006,0.121918443605,0.000884315110951,0.582167612393,0.99997832561,0.164356899175,0.0979253273917,0.116426153186,0.0736539120106,0.106056258047,0.110110235947,0.000810622185039,1,7,17,1,5,5,0,3.50983367073,282.358628785,7689.56641035,2847.98761916,230687,0,5,8,1,0,2,1,1,6,24,1,10,6,2,3
TRUE,e0f0a139001b72f10bd8e4d6052cf04783a66709cf078a256f55406d9bec9c3f,0,5,13,1,2,4,2,55,FALSE,0,0,0,1,0,0,1,54,112,0,399,79,2,72,0,1,0,5,10,0,4,1,0,1,0,802,20,0,29,0,2,80,1,1,1,0,1,152755830,-10260,589.335763889,0,13,34,1,0,13,8,-311516268,-4080,2,809673,0,4,6,1,0,1,1,778.1,5981,29,2116.0,5930,282,0,1,464272098,-6180,1791.17321759,0,0,0,0,0,0,0,0,0,0,0,0,0,0,FALSE,-1.0,-1.0,-1.0,0.0541486332118,0.0900343899173,0.00115721838297,0.567421969418,0.999976668984,0.134867269851,0.0645970500264,0.0841969697677,0.0388414750801,0.0745023695462,0.0775709612845,0.000928574428273,1,7,17,1,5,5,0,3.77809870886,267.21571039,7389.8962969,2678.83746651,214307,0,5,8,1,0,2,1,1,7,26,1,10,7,2,3
TRUE,e7799e5b64144ac0a55a34ee95c3a5ca1d06a42042f593497799a83c8fb59d44,0,4,12,1,2,4,2,58,FALSE,0,0,0,1,0,0,1,57,116,0,421,82,2,76,0,1,0,5,10,0,4,1,0,1,0,846,21,0,30,0,2,82,0,1,1,0,1,137773952,-10860,531.535308642,0,14,37,1,0,15,8,-362099474,-5100,2,809673,0,4,6,1,0,1,1,1152.25,8605,29,3363.66666667,8554,241,0,1,499873426,-5760,1928.52402006,0,0,0,0,0,0,0,0,0,0,0,0,0,0,FALSE,-1.0,-1.0,-1.0,0.0738397683721,0.118787412205,0.00136120455446,0.587677751558,0.999972106464,0.175383396652,0.0867717695101,0.111496041907,0.054353344156,0.0992366468994,0.103167032072,0.00111016273089,1,6,15,1,4,5,0,4.51692858697,211.882978473,5975.09980083,2186.01216846,179253,0,5,8,1,0,2,1,1,6,26,1,11,7,2,3
TRUE,eb53fc95ed941f689e10b63b85d0e9900aba3cac46f39ff5a320b969718e6431,0,4,12,1,2,4,2,55,FALSE,0,0,0,1,0,0,1,54,111,0,400,79,2,71,0,1,0,5,10,0,4,1,0,1,0,795,21,0,29,0,2,79,0,1,1,0,1,197712009,-9960,762.7778125,0,14,35,1,0,13,8,-248620851,-3660,2,809673,0,4,6,1,0,1,1,883.777777778,6122,48,2142.0,6066,298,0,1,446332860,-6300,1721.96319444,0,0,0,0,0,0,0,0,0,0,0,0,0,0,FALSE,-1.0,-1.0,-1.0,0.0474167441674,0.0779923308683,0.000821692686935,0.558193162228,0.999979860473,0.116406463982,0.0562964216089,0.073017867788,0.0343096975849,0.0646632976711,0.0673264375594,0.000753218296357,1,7,17,1,5,5,0,3.26128619073,312.28679206,8560.96522204,3142.63287161,248268,0,5,8,1,0,2,1,1,6,24,1,10,6,2,3
TRUE,eb922660f0a453730d88ec18914d85fbda2343195d08617fb539feda98736452,0,4,12,1,2,4,2,58,FALSE,0,0,0,1,0,0,1,57,116,0,421,82,2,76,0,1,0,5,10,0,4,1,0,1,0,846,21,0,30,0,2,82,0,1,1,0,1,137612368,-10860,530.91191358,0,14,37,1,0,15,8,-362282096,-5100,2,809673,0,4,6,1,0,1,1,1124.125,8380,29,3288.66666667,8329,241,0,1,499894464,-5760,1928.60518519,0,0,0,0,0,0,0,0,0,0,0,0,0,0,FALSE,-1.0,-1.0,-1.0,0.0725876484786,0.117513846978,0.00136099196234,0.587036551559,0.99997211082,0.174100992297,0.0855032044667,0.110223615442,0.053089842203,0.0980079688682,0.101895906426,0.00110998934633,1,6,15,1,4,5,0,4.51622313575,211.9160754,5976.03313413,2186.35363187,179281,0,5,8,1,0,2,1,1,6,26,1,11,7,2,3
TRUE,eca0f50354a96201e5344d36354f501ea89652cf96bc32a090db3dfc7e406306,0,0,6,2,2,4,0,49,FALSE,0,0,0,1,0,0,1,48,108,0,369,72,2,68,0,1,1,5,11,0,4,2,0,1,0,733,19,0,28,0,2,73,1,1,1,0,1,208964846,-9000,806.191535494,0,15,38,2,0,14,9,-256368729,-3180,3,874698,0,5,7,2,0,1,1,698.0,5481,40,628.5,1160,97,0,1,465333575,-5820,1795.26842207,0,0,0,0,0,0,0,0,0,0,0,0,0,0,FALSE,-1.0,-1.0,-1.0,0.0433337538626,0.0744623019526,0.00132835310519,0.556551455051,0.999982463985,0.113120446116,0.0504319837776,0.0693286336814,0.0298945208722,0.0609636415789,0.0636162769287,0.000113984094835,1,8,19,2,5,6,0,3.83467922245,311.189631226,8146.49970905,3124.6848887,228102,0,6,10,2,0,2,2,1,8,26,2,11,7,0,3
TRUE,edb84073a91ed86a967320d3a6d5295776c241cdb85d7414705a42835b0cb585,0,4,12,1,2,4,2,58,FALSE,0,0,0,1,0,0,1,57,116,0,421,82,2,76,0,1,0,5,10,0,4,1,0,1,0,846,21,0,30,0,2,82,0,1,1,0,1,137830110,-10860,531.751967593,0,14,37,1,0,15,8,-361840342,-5100,2,809673,0,4,6,1,0,1,1,1195.875,9027,29,3480.0,8976,168,0,1,499670452,-5760,1927.74094136,0,0,0,0,0,0,0,0,0,0,0,0,0,0,FALSE,-1.0,-1.0,-1.0,0.075805379143,0.120799749939,0.00136194154815,0.588699234187,0.999972091362,0.177426377012,0.0887667730916,0.113504431892,0.0563307955078,0.101173465211,0.105170912501,0.00111076380361,1,6,15,1,4,5,0,4.5193741767,211.768321263,5971.8664676,2184.82924165,179156,0,5,8,1,0,2,1,1,6,26,1,11,7,2,3
TRUE,ef401b8e192d8eabc25768d517883c6a1732595b5852b1deaf32e6c14497e5c3,0,4,12,1,2,4,2,58,FALSE,0,0,0,1,0,0,1,57,116,0,421,82,2,76,0,1,0,5,10,0,4,1,0,1,0,846,21,0,30,0,2,82,0,1,1,0,1,137473377,-10860,530.37568287,0,14,37,1,0,15,8,-362254580,-5100,2,809673,0,4,6,1,0,1,1,1131.375,8511,29,3308.0,8460,168,0,1,499727957,-5760,1927.96279707,0,0,0,0,0,0,0,0,0,0,0,0,0,0,FALSE,-1.0,-1.0,-1.0,0.0729306317247,0.117874838191,0.00136142480918,0.587226041155,0.999972101951,0.17447998036,0.0858540150873,0.110582288086,0.0534303441503,0.0983519692303,0.102251930545,0.00111034236486,1,6,15,1,4,5,0,4.51765946525,211.848699513,5974.1331342,2185.65850993,179224,0,5,8,1,0,2,1,1,6,26,1,11,7,2,3
TRUE,ef91e29d0f3c873f4859f8baa99bf840a66bb42534046b953a0ec83c6fe43ed8,0,4,12,1,2,4,2,55,FALSE,0,0,0,1,0,0,1,54,111,0,400,79,2,71,0,1,0,5,10,0,4,1,0,1,0,795,21,0,29,0,2,79,0,1,1,0,1,197631295,-9960,762.466415895,0,14,35,1,0,13,8,-248868917,-3660,2,809673,0,4,6,1,0,1,1,877.333333333,6042,48,2127.5,5986,298,0,1,446500212,-6300,1722.60884259,0,0,0,0,0,0,0,0,0,0,0,0,0,0,FALSE,-1.0,-1.0,-1.0,0.0472145033796,0.0778066622332,0.00082219938335,0.55811216573,0.999979848054,0.116244483405,0.0560973742015,0.0728291316527,0.0340970920742,0.0644774704722,0.0671341918062,0.000753682768071,1,7,17,1,5,5,0,3.26329726135,312.09433923,8555.68936015,3140.69616278,248115,0,5,8,1,0,2,1,1,6,24,1,10,6,2,3
TRUE,f56c860166269a5c4b9178870d97d3627d8247603abbaf20f0d2037411268140,0,4,12,1,2,4,2,55,FALSE,0,0,0,1,0,0,1,54,111,0,400,79,2,71,0,1,0,5,10,0,4,1,0,1,0,796,21,0,29,0,2,79,0,1,1,0,1,197280483,-9960,761.112974537,0,14,35,1,0,13,8,-249660556,-3660,2,809673,0,4,6,1,0,1,1,842.111111111,5697,48,2051.5,5644,298,0,1,446941039,-6300,1724.30956404,0,0,0,0,0,0,0,0,0,0,0,0,0,0,FALSE,-1.0,-1.0,-1.0,0.0460282083834,0.0766886149946,0.00082356693298,0.557605277288,0.999979814536,0.115230740039,0.0549109215472,0.0716705086333,0.0328740467415,0.0633490858839,0.0659660964946,0.000754936355232,1,7,17,1,5,5,0,3.26872504572,311.184672976,8541.48246409,3135.48097297,247703,0,5,8,1,0,2,1,1,6,24,1,10,6,2,3
TRUE,f89afd67bb6c27c31bd284c0ab0aab24d4cbb6aa15e01bcf341d0edbc7c7cc51,0,3,12,1,2,5,2,64,FALSE,0,0,0,1,0,0,1,63,137,0,496,98,2,91,0,2,0,6,12,0,4,1,0,1,0,991,29,0,29,0,2,98,0,1,1,0,1,506083522,-4620,2928.72408565,0,17,37,1,0,10,10,-6450444,-6060,2,1602442,0,4,6,1,0,1,1,2627.2,12941,34,7219.0,12870,1568,0,1,512533966,1440,2966.05304398,0,0,0,0,0,0,0,0,0,0,0,0,0,0,FALSE,-1.0,-1.0,-1.0,0.449057898618,0.688073161438,0.344747872476,0.993242728312,0.993318938143,0.993166518481,0.513044582751,0.647961387019,0.343299885685,0.592025122965,0.603759684999,0.330674457005,0,4,10,1,3,3,0,40.7072780389,39.7225024826,1357.4137463,401.683669371,39365,0,4,6,1,0,1,1,1,6,27,1,12,8,1,2
TRUE,f978ae0a58cdfe31529b019b7f14e5f4a15380cd80c3d02aa6d4424de027b565,0,4,12,1,2,4,2,58,FALSE,0,0,0,1,0,0,1,57,116,0,421,82,2,76,0,1,0,5,10,0,4,1,0,1,0,846,21,0,30,0,2,82,0,1,1,0,1,137714647,-10860,531.306508488,0,14,37,1,0,15,8,-361977524,-5100,2,809673,0,4,6,1,0,1,1,1174.125,8853,29,3422.0,8802,168,0,1,499692171,-5760,1927.8247338,0,0,0,0,0,0,0,0,0,0,0,0,0,0,FALSE,-1.0,-1.0,-1.0,0.0748352969402,0.119812479071,0.0013617591249,0.588201808238,0.9999720951,0.176431521375,0.087783792834,0.112518138185,0.0553521598393,0.100221192841,0.104185735015,0.001110615024,1,6,15,1,4,5,0,4.51876883581,211.796690057,5972.66646758,2185.12192457,179180,0,5,8,1,0,2,1,1,6,26,1,11,7,2,3
TRUE,fd35e9f760c970573e9ea844287897dfcaf022dfac08e5160789c84680fd91ef,0,5,14,2,2,5,2,53,FALSE,0,1,0,1,0,0,1,52,141,0,445,95,2,87,0,1,2,5,12,0,4,0,0,1,0,874,24,0,30,0,2,95,0,1,1,0,1,307148422,-4440,592.493097994,0,16,38,2,0,13,9,-336672871,-1260,3,939723,0,4,6,1,0,1,1,752.368421053,9291,34,1413.3,9220,26,0,1,643821293,-3180,1241.93922261,0,0,0,0,0,0,0,0,0,0,0,0,0,0,FALSE,0.0197016285161,0.0197016285161,0.0197016285161,0.0707299343201,0.104259195991,0.0112249933569,0.571971681282,0.999984815701,0.143958546863,0.0778230143365,0.0989333029647,0.0580457806628,0.0901641169697,0.0932543749763,0.0113350795278,1,6,15,1,4,5,0,3.56725885434,301.40732231,8780.9997073,2772.94733923,263430,0,0,4,2,1,2,1,1,10,31,2,11,8,2,6
TRUE,fd3780de1f2b664a8d70d9eb8d5c8102e27e1a7339009e3894d40b3c48e7863f,0,3,12,1,2,5,2,64,FALSE,0,0,0,1,0,0,1,63,137,0,496,98,2,91,0,2,0,6,12,0,4,1,0,1,0,991,29,0,29,0,2,98,0,1,1,0,1,506593239,-4620,2931.67383681,0,17,37,1,0,10,10,-6167665,-6060,2,1602442,0,4,6,1,0,1,1,2654.8,13079,34,7288.0,13008,1568,0,1,512760904,1440,2967.36634259,0,0,0,0,0,0,0,0,0,0,0,0,0,0,FALSE,-1.0,-1.0,-1.0,0.450982562821,0.689162848391,0.347036933904,0.993266334202,0.993342277802,0.993190390603,0.514745715515,0.649191200668,0.345594005519,0.59345034467,0.605143913121,0.333012682581,0,4,10,1,3,3,0,40.5650710073,39.861755762,1362.17236682,403.091832622,39503,0,4,6,1,0,1,1,1,6,27,1,12,8,1,2
